template,pid
日本间谍[ENTITY]是哪个民族的？,None
[ENTITY]是从哪年开始拍卖的？,None
[ENTITY]身长是？,None
[ENTITY]的监事会主席？,None
[ENTITY]的总裁？,None
[ENTITY]的董事会秘书？,None
[ENTITY]的副总裁？,None
[ENTITY]的执行董事？,None
[ENTITY]的投资名言？,None
[ENTITY]的股东监事？,None
[ENTITY]的独立董事？,None
[ENTITY]的总会计师？,None
[ENTITY]的职工监事？,None
[ENTITY]的财务总监？,None
风险警示[ENTITY]有哪些？,None
[ENTITY]大宗交易的条件？,None
[ENTITY]大宗交易的条件？,None
[ENTITY]的非执行董事？,None
[ENTITY]有哪些融资类业务？,None
电影《[ENTITY]》讲诉了一个诈骗天才从FBI历史上最年轻的通缉犯到FBI金融安全顾问的故事，该角色的原型是？,None
[ENTITY]是谁提出的？,None
[ENTITY]的认购方式有哪些？,None
[ENTITY]基金卖出后资金什么时候到账？,None
[ENTITY]方式有哪些？,None
[ENTITY]的特点？,None
[ENTITY]的交易时间？,None
[ENTITY]有哪些条件？,None
[ENTITY]支持哪些证件类型？,None
[ENTITY]的公式？,None
[ENTITY]的收费模式？,None
可以实现T+0交易的[ENTITY]产品有哪些？,None
[ENTITY]经典名言？,None
[ENTITY]发生在什么时候？,None
[ENTITY]是？,None
提出[ENTITY]的是哪一位？,None
[ENTITY]原型是谁？,None
[ENTITY]是谁提出的？,None
可以T+0交易的[ENTITY]有哪些？,None
[ENTITY]的报价单位？,None
[ENTITY]的客服电话？,None
[ENTITY]的交割方式？,None
什么是[ENTITY]担保物？,None
[ENTITY]的交易成本有哪些？,None
[ENTITY]交易佣金上限？,None
[ENTITY]负债类型？,None
[ENTITY]取保线是多少？,None
[ENTITY]的收益包括哪些？,None
[ENTITY]的交易方式？,None
[ENTITY]买卖港股使用哪种货币交收？,None
[ENTITY]暂停的情形有哪些？,None
[ENTITY]任职期间，中国股市发生哪些变化？,None
获[ENTITY]的是？,None
[ENTITY]的委托申报方式？,None
[ENTITY]的费用？,None
[ENTITY]的交收规则？,None
[ENTITY]以什么币种交易？,None
[ENTITY]交易费用？,None
[ENTITY]投资范围？,None
[ENTITY]的合约类型？,None
[ENTITY]买卖港股使用哪种货币报价？,None
[ENTITY]买入后何时可以卖出？,None
[ENTITY]的影响因素有哪些？,None
[ENTITY]合约要素？,None
[ENTITY]交易方式？,None
[ENTITY]的交易方式有？,None
[ENTITY]的报价单位？,None
[ENTITY]的报价单位？,None
[ENTITY]有涨跌幅限制吗？,None
[ENTITY]时冻结资金金额？,None
[ENTITY]的交易费用？,None
发行[ENTITY]的基金公司？,None
[ENTITY]的计算周期有哪些？,None
[ENTITY]什么颜色代表上涨？,None
[ENTITY]什么颜色代表上涨？,None
[ENTITY]什么颜色代码下跌？,None
[ENTITY]的重要意义体现在哪些方面？,None
[ENTITY]标的股票范围？,None
[ENTITY]客服邮箱为？,None
[ENTITY]的运作方式有哪些？,None
[ENTITY]的条件？,None
[ENTITY]是红色代表什么意思？,None
[ENTITY]的股票代码？,None
[ENTITY]纳入MSCI指数是什么时候？,None
[ENTITY]与中国相关的有哪些?,None
[ENTITY]，监管机构最高罚款金额？,None
[ENTITY]的时间？,None
股票在[ENTITY]日当天名称前冠以什么字样？,None
[ENTITY]的英文简写？,None
[ENTITY]的特点？,None
[ENTITY]的起点金额？,None
[ENTITY]有多少家上市公司？,None
[ENTITY]的平均市盈率是多少？,None
[ENTITY]的总流通股本是多少？,None
[ENTITY]的总流通市值是多少？,None
[ENTITY]的总股本是多少？,None
[ENTITY]有多少家上市公司？,None
[ENTITY]的平均市盈率是多少？,None
[ENTITY]销户条件？,None
[ENTITY]的总流通市值是多少？,None
[ENTITY]期间的即时行情内容包括什么？,None
[ENTITY]重点支持哪些产业？,None
[ENTITY]缴款期是几天？,None
[ENTITY]的条件有哪些？,None
[ENTITY]龙头股有哪些？,None
[ENTITY]转入时间？,None
[ENTITY]转入时间？,None
[ENTITY]的期限？,None
[ENTITY]有哪些注意事项？,None
[ENTITY]割韭菜，收到了证监会什么处罚？,None
[ENTITY]的方式有哪些？,None
[ENTITY]数量要求？,None
[ENTITY]设立的条件？,None
[ENTITY]时间？,None
[ENTITY]收盘价？,None
[ENTITY]在交易所发行上市的品种有哪些？,None
[ENTITY]的股票有哪些？,None
[ENTITY]设立地点？,None
[ENTITY]数量要求？,None
[ENTITY]上市证券数？,None
[ENTITY]上市公司数？,None
[ENTITY]上市公司数？,None
[ENTITY]交易的交易时间？,None
[ENTITY]以人民币还是外币计价？,None
[ENTITY]的全称是？,None
[ENTITY]的偿还期限？,None
[ENTITY]是什么的全称？,None
[ENTITY]是什么的简称？,None
什么是[ENTITY]三要素？,None
[ENTITY]计算公式？,None
[ENTITY]的编制原则?,None
[ENTITY]的处置线？,None
[ENTITY]要求客户有多久的证券交易经验？,None
公开发行[ENTITY]的条件?,None
[ENTITY]股数量规定？,None
[ENTITY]的规则？,None
[ENTITY]交收制度？,None
[ENTITY]交收制度？,None
[ENTITY]的警戒线？,None
[ENTITY]有哪些？,None
[ENTITY]的融资期限？,None
什么情况下会[ENTITY]？,None
[ENTITY]上市公司数？,None
公开发行[ENTITY]对企业有什么风险？,None
公开发行[ENTITY]对企业有什么约束？,None
[ENTITY]证券代码首四位?,None
[ENTITY]发行价？,None
[ENTITY]有哪三个核心思想？,None
[ENTITY]的承销商？,None
[ENTITY]的特征？,None
[ENTITY]？,None
[ENTITY]交易的最大手数？,None
[ENTITY]股票暂停交易的情况？,None
[ENTITY]的风险？,None
[ENTITY]的条件？,None
[ENTITY]有何优点？,None
[ENTITY]是哪四家合并而成的？,None
[ENTITY]业务优势？,None
什么情况下会[ENTITY]？,None
[ENTITY]的最大涨跌幅是多少？,None
[ENTITY]的交易时间？,None
[ENTITY]最低买多少股？,None
[ENTITY]的报价单位？,None
[ENTITY]可以应用在哪些领域？,None
[ENTITY]元素的原子量是？,None
罗马数字[ENTITY]等于哪个自然数？,None
哪些学校属于[ENTITY]联盟？,None
"飞船""[ENTITY]""出自哪个作品？",None
[ENTITY]来自哪个编程语言？,None
[ENTITY]有哪些近似值？,None
小明去西藏旅游时，当地的少数民族向他献上了[ENTITY]，是什么意思？,None
[ENTITY]的爆炸极限是？,None
数字[ENTITY]的二进制表示为？,None
[ENTITY]是由谁创建的？,None
"恒星的""[ENTITY]""是一种什么性质的物理过程？",None
如何用罗马数字书写十进制数[ENTITY]？,None
[ENTITY]通常用哪个英文字母表示？,None
[ENTITY]的学术传统是什么？,None
[ENTITY]的校歌是什么？,None
[ENTITY]要如何储存？,None
[ENTITY]是什么星座的？,None
历史上[ENTITY]是在哪一天沉没的？,None
[ENTITY]运动的起源地在哪里？,None
谁没有练成[ENTITY]？,None
[ENTITY]创立了什么门派？,None
[ENTITY]的师父是谁？,None
谁[ENTITY]？,None
[ENTITY]是用什么做的？,None
哪些药物可以用于[ENTITY]的治疗?,None
地球可以分为七大洲[ENTITY]，其中[ENTITY]分别指什么？,None
"小明想去杭州游玩，听说[ENTITY]景区有""一山、二塔、三岛、三堤、五湖""，你能告诉他三堤是指什么吗？",None
小明很想去看[ENTITY]，他应该去什么地方？,None
[ENTITY]出售什么？,None
[ENTITY]？,None
[ENTITY]是由什么引起的？,None
怎么判断是否出现了[ENTITY]现象？,None
七八月份，我国东南沿海地区大多会遭遇[ENTITY]，[ENTITY]是由什么引发的？,None
[ENTITY]是因什么而毁灭的？,None
元宵节为什么要吃[ENTITY]？,None
[ENTITY]象征着什么？,None
[ENTITY]的粉丝称为什么？,None
[ENTITY]的男或女朋友是谁？,None
[ENTITY]市的人口有多少？,None
[ENTITY]的代表人物有哪些？,None
谁最先提出了[ENTITY]的概念？,None
有哪些[ENTITY]游戏？,None
有哪些[ENTITY]运动员？,None
[ENTITY]起源于什么地方？,None
《[ENTITY]》连载于哪部杂志？,None
11月的[ENTITY]是什么星座的？,None
"著名的""[ENTITY]""的提出者是谁？",None
[ENTITY]的纪念方式有哪些？,None
[ENTITY]有哪些节日活动？,None
火影中[ENTITY]会使用哪些忍术？,None
什么是[ENTITY]？,None
"""[ENTITY]""的作者是谁？",None
[ENTITY]有哪些著名的汽车品牌？,None
[ENTITY]公司有什么软件产品？,None
[ENTITY]的创建者是？,None
全世界有哪些[ENTITY]？,None
[ENTITY]的职业是什么？,None
有哪些著名的[ENTITY]？,None
"""[ENTITY]""概念的提出者是谁？",None
[ENTITY]的气候是怎样的？,None
[ENTITY]有什么著名景点？,None
著名moba类游戏[ENTITY]的开发商是谁？,None
[ENTITY]的校训是什么？,None
[ENTITY]的血型？,None
[ENTITY]的发起单位是？,None
"被无数人称为""老婆""的[ENTITY]是干什么的？",None
"被誉为""性感小野马""的[ENTITY]有多重？",None
《春光乍泄》中[ENTITY]的恋人是谁？,None
"姓""[ENTITY]""的代表人物有哪些？",None
白居易的那首《[ENTITY]》一共有多少字？,None
[ENTITY]的流派有哪些代表人物？,None
"""[ENTITY]""是哪一部作品的拉丁语名称？",None
[ENTITY]主要有哪些将领指挥？,None
[ENTITY]在什么地方？,None
[ENTITY]有多少专职院士？,None
[ENTITY]在哪里举办？,None
谁练成了[ENTITY]？,None
[ENTITY]采取什么方式？,None
"""[ENTITY]""由哪三人组成？",None
[ENTITY]的丈夫是谁？,None
[ENTITY]的上市时间？,None
[ENTITY]的实际控制人？,None
[ENTITY]的所属概念？,None
[ENTITY]的上游是？,None
[ENTITY]的下游是？,None
[ENTITY]的下位产品？,None
[ENTITY]的上位产品？,None
[ENTITY]的所属行业？,None
[ENTITY]的下游有？,None
[ENTITY]的量化产品有？,None
[ENTITY]持股的股票？,None
[ENTITY]的股票？,None
[ENTITY]的股票？,None
[ENTITY]有哪些股票？,None
[ENTITY]对什么行业是利好？,None
[ENTITY]风险指标？,None
[ENTITY]的上游有？,None
[ENTITY]公式？,None
[ENTITY]的所在城市？,None
[ENTITY]的面值是多少？,None
[ENTITY]的增发代码是什么？,None
[ENTITY]何时复牌？,None
[ENTITY]转让方式有哪些？,None
[ENTITY]的投资者有哪些？,None
[ENTITY]是以什么开头的？,None
[ENTITY]有哪些成交情况？,None
[ENTITY]交易时间？,None
[ENTITY]的所属行业？,None
[ENTITY]需要多少时间？,None
[ENTITY]是什么的缩写？,None
[ENTITY]冠以什么字样？,None
[ENTITY]是什么开头的？,None
[ENTITY]分类标准？,None
[ENTITY]单日限额？,None
[ENTITY]的委托类型？,None
[ENTITY]成交规则是什么？,None
[ENTITY]有哪些？,None
[ENTITY]是谁创的？,None
[ENTITY]中文叫什么？,None
[ENTITY]的上游是？,None
[ENTITY]中方牵头人是？,None
[ENTITY]包含哪些二级行业？,None
[ENTITY]包含哪些二级行业？,None
[ENTITY]有哪些技术面指标？,None
[ENTITY]的上游是？,None
[ENTITY]的上游是？,None
[ENTITY]的上游是？,None
[ENTITY]的咨询热线是？,None
[ENTITY]的下游是？,None
[ENTITY]的投资方？,None
[ENTITY]是哪个上市公司的股票代码？,None
[ENTITY]的开盘时间？,None
[ENTITY]的所属行业？,None
谁会[ENTITY]？,None
"""[ENTITY]""都有谁？",None
"""[ENTITY]""都有谁？",None
[ENTITY]三大证券交易所？,None
[ENTITY]的咨询热线是？,None
[ENTITY]总股本？,None
[ENTITY]是什么的简称？,None
[ENTITY]的下游是？,None
[ENTITY]的上游是？,None
[ENTITY]的下游是？,None
[ENTITY]哪四个维度？,None
[ENTITY]影响的概念是？,None
[ENTITY]影响的概念是？,None
[ENTITY]的公告类型？,None
[ENTITY]证券代码是多少？,None
[ENTITY]的起点金额？,None
[ENTITY]的起点金额？,None
[ENTITY]最大收益是什么？,None
[ENTITY]的申报类型？,None
[ENTITY]信息披露的内容？,None
[ENTITY]有哪些评级？,None
针对[ENTITY]的监管类函件有哪些？,None
[ENTITY]如何计算？,None
如何计算[ENTITY]？,None
[ENTITY]使用什么武器？,None
"""[ENTITY]""发生于哪个时代？",None
[ENTITY]交易有哪些限制？,None
[ENTITY]收购可采取哪些方式？,None
[ENTITY]有多长？,None
海贼王里[ENTITY]是被谁养大的？,None
[ENTITY]的水质如何？,None
[ENTITY]建立了哪个朝代？,None
[ENTITY]先生会几种语言？,None
[ENTITY]的政治体制是什么？,None
[ENTITY]的分子式？,None
[ENTITY]先生的孩子是谁？,None
[ENTITY]主要宗教是什么？,None
[ENTITY]的分布很广，你知道它的主要分布地区在哪里吗？,None
陈奕迅的《[ENTITY]》收录在哪张专辑？,None
[ENTITY]的大副是谁？,None
[ENTITY]的注册会员有多少？,None
[ENTITY]属于动物分类法中的哪个目？,None
[ENTITY]是干什么用的？,None
[ENTITY]发生在什么时候？,None
[ENTITY]出现的原因是什么？,None
前身是[ENTITY]的公司是？,None
二十四节气中[ENTITY]之后是？,None
植物[ENTITY]属于哪个纲？,None
去[ENTITY]游玩需要花费多少钱？,None
"化学式为""[ENTITY]""的物质有哪些？",None
[ENTITY]位于哪？,None
三国时期[ENTITY]有什么发明？,None
[ENTITY]加入奥运会是在哪一年？,None
[ENTITY]的信仰是什么？,None
[ENTITY]到底有多长？,None
[ENTITY]的国土面积有多大？,None
看电影[ENTITY]得花多久？,None
被誉为[ENTITY]的是哪个国家？,None
[ENTITY]在全国排第几位？,None
[ENTITY]坐落在哪个区？,None
海贼王里[ENTITY]更被人熟知的外号是什么？,None
[ENTITY]的接班人是谁？,None
[ENTITY]毕业于哪所大学？,None
钢铁侠[ENTITY]是哪个学校的校友？,None
[ENTITY]的气候条件？,None
[ENTITY]位于海拔多少米的地方？,None
[ENTITY]在标准大气压下的沸点是多少？,None
歌曲[ENTITY]的原唱是？,None
[ENTITY]花主要生长在哪里？,None
[ENTITY]的官方语言是什么？,None
[ENTITY]是中国近代著名的才女，你知道她在哪两个领域有所建树吗？,None
NBA球星[ENTITY]生涯的重要事件有哪些？,None
"""[ENTITY]""这个词是什么意思？",None
[ENTITY]的英文名称是什么？,None
有什么著名的描写杭州[ENTITY]的诗呀？,None
[ENTITY]陈老啥时候走的？,None
[ENTITY]属于哪个大洲？,None
音乐人[ENTITY]喜欢哪些动物？,None
综艺节目[ENTITY]是谁主持的？,None
"生活中常说的""[ENTITY]""是指哪几种金属？",None
[ENTITY]节都有哪些习俗？,None
历史上哪个人物创建了[ENTITY]？,None
有人向我推荐了[ENTITY]这部剧，你知道在哪儿能在线看吗，急！？,None
漫画《[ENTITY]》的出版社是哪个？,None
网络剧《[ENTITY]》在那个网站平台上播出？,None
化学[ENTITY]是谁创造的？,None
钢铁侠[ENTITY]的机器人助手叫什么？,None
海贼王里[ENTITY]悬赏金有多少？,None
[ENTITY]的功效是什么？,None
《[ENTITY]》是什么时候出版的？,None
希腊神话中[ENTITY]住在哪？,None
[ENTITY]的参战双方是谁？,None
[ENTITY]的官方语言是什么？,None
[ENTITY]都曾签约过哪些公司？,None
[ENTITY]包括哪三颗星星？,None
举世闻名的[ENTITY]在哪个国家？,None
[ENTITY]是哪部作品中的人物？,None
[ENTITY]是由谁提出的？,None
你知道《[ENTITY]》游戏的发行商是哪个公司吗？,None
[ENTITY]主要由哪些原料制作而成？,None
[ENTITY]的平均海拔是多少？,None
《[ENTITY]》实在太好看了，你知道它总共有多少集吗，我想全刷一遍？,None
[ENTITY]的结拜兄弟是谁？,None
[ENTITY]的祖籍是哪里人？,None
发明世界上第一部[ENTITY]是谁？,None
恐龙中的[ENTITY]存活于哪个时期？,None
与[ENTITY]相关的证书都有什么？,None
作品《[ENTITY]》是由谁翻译的？,None
神灯神灯，告诉我[ENTITY]到底是干嘛用的？,None
[ENTITY]死后被藏在哪儿？,None
[ENTITY]的校歌是？,None
大[ENTITY]又被叫做什么？,None
[ENTITY]有哪些？,None
谁会[ENTITY]？,None
[ENTITY]的气候怎么样？,None
[ENTITY]的国花是什么？,None
北京的[ENTITY]博物院什么季节去最好？,None
梁静茹的[ENTITY]是用国语唱的还是粤语唱的？,None
《射雕英雄传》中[ENTITY]的丈夫是谁？,None
"""打蛇打[ENTITY]""中的[ENTITY]是什么含义？",None
[ENTITY]的信仰是什么？,None
二郎神身边的神兽[ENTITY]是哪部作品里的角色？,None
[ENTITY]的国家领袖是谁？,None
电影《[ENTITY]》是何时上映的？,None
NBA中[ENTITY]主要是打哪个位置？,None
[ENTITY]的英文名称是什么？,None
[ENTITY]的职业是什么？,None
[ENTITY]的地址是哪里,None
[ENTITY]是在什么条约的签订下展开的？,None
为什么会发生[ENTITY]？,None
现在都有哪些[ENTITY]？,None
在[ENTITY]主要会听到什么语言？,None
[ENTITY]子有什么象征意义？,None
[ENTITY]足球赛隔多久举办一次？,None
[ENTITY]发源于哪一年？,None
[ENTITY]位于哪儿？,None
[ENTITY]的国花是什么？,None
[ENTITY]种植在哪些区域？,None
[ENTITY]表示什么含义？,None
[ENTITY]属于什么亚纲？,None
我想看[ENTITY]，在哪儿能找到在线资源啊？,None
海贼王里[ENTITY]的克星有谁？,None
[ENTITY]是什么风格的建筑？,None
《名侦探[ENTITY]》是由谁的同名漫画改编的？,None
《[ENTITY]》的字数是多少？,None
散文《[ENTITY]》是哪一年创作的？,None
[ENTITY]的高水位是多少？,None
曹文轩老师创作的[ENTITY]收录在哪里？,None
[ENTITY]是何时入党的？,None
西安[ENTITY]是什么级别的文物保护单位？,None
火影忍者正篇里用过[ENTITY]的有谁？,None
[ENTITY]是谁发明的？,None
[ENTITY]流入哪一片海域？,None
社会主义[ENTITY]的主要内容是什么？,None
[ENTITY]的建造者是谁？,None
[ENTITY]的企业愿景是什么？,None
[ENTITY]在什么温度会熔化？,None
[ENTITY]是什么？,None
[ENTITY]的政治体制是？,None
[ENTITY]有多少个硕士点？,None
[ENTITY]有什么作用？,None
我想去云南[ENTITY]旅游，坐火车到哪下车离目的地最近？,None
公开表明过对[ENTITY]的崇拜之情的都有？,None
[ENTITY]的校歌是？,None
[ENTITY]的面积有多大？,None
[ENTITY]的公司使命是什么？,None
古希腊神话中[ENTITY]有哪些兄弟姐妹？,None
[ENTITY]在教育方面有什么主张？,None
《[ENTITY]》是哪个民族的民歌？,None
我们经常吃的[ENTITY]又称什么？,None
"二战时期""[ENTITY]""的成员有哪些？",None
[ENTITY]的死对头是谁？,None
[ENTITY]的三种颜色分别是？,None
[ENTITY]有多重？,None
[ENTITY]有什么特点？,None
植物[ENTITY]分布在哪些区域？,None
[ENTITY]的主要口味是什么？,None
[ENTITY]葬在哪里？,None
[ENTITY]的妻子是谁？,None
有哪些国家使用[ENTITY]？,None
[ENTITY]是哪部小说中的人物？,None
海贼王里[ENTITY]拥有什么果实的能力？,None
[ENTITY]是哪族人？,None
[ENTITY]的作用是什么？,None
我是[ENTITY]的一员，给我推销一些东西吧？,None
冰[ENTITY]需要哪些原料？,None
[ENTITY]属于哪一科？,None
足球运动员[ENTITY]是哪个运动队的？,None
[ENTITY]是谁？,None
[ENTITY]这种植物多分布于哪？,None
一天喝多少[ENTITY]最合适呀？,None
歌曲[ENTITY]的原唱是谁？,None
流经[ENTITY]境内的河流？,None
你知道《[ENTITY]》是在哪儿拍的吗，这部剧太经典了？,None
[ENTITY]是在哪个部位起作用的？,None
"成语""[ENTITY]""形容的是哪位美女的美貌？",None
电脑游戏《[ENTITY]》的制作商是谁？,None
[ENTITY]的校庆日？,None
[ENTITY]是哪个省的省会城市？,None
[ENTITY]是什么项目的运动员？,None
[ENTITY]用什么原料酿造？,None
[ENTITY]是哪一年发明的？,None
[ENTITY]是什么星座的？,None
[ENTITY]的妻子是谁？,None
[ENTITY]市的电话区号是多少？,None
在[ENTITY]人们主要信仰什么教？,None
"""[ENTITY]""这句话来源于哪首诗？",None
你知道[ENTITY]的密度吗？,None
[ENTITY]又称惯性定律，你能告诉我它的表达式吗？,None
电影[ENTITY]的拍摄地点有？,None
[ENTITY]毕业于哪里？,None
[ENTITY]的母公司是哪家公司？,None
位于湖南的[ENTITY]推荐玩多久啊？,None
[ENTITY]是属什么的？,None
[ENTITY]演奏有哪些流派？,None
[ENTITY]的拉丁学名是什么？,None
[ENTITY]的代表作？,None
[ENTITY]是哪个朝代的科技？,None
"""[ENTITY]""具体指什么内容？",None
[ENTITY]的口号是什么？,None
[ENTITY]有哪些主要作品？,None
[ENTITY]位于哪个区？,None
[ENTITY]有哪些症状？,None
[ENTITY]的地址是哪里？,None
[ENTITY]的双名法命名？,None
[ENTITY]有多少资产？,None
[ENTITY]有哪些学术传统？,None
书籍<[ENTITY]>的价格是多少？,None
在哪个网站能看动画片[ENTITY]？,None
[ENTITY]行业的上市公司有哪些？,None
[ENTITY]是指哪三个？,None
[ENTITY]有年龄限制吗？,None
[ENTITY]实际控制人？,None
[ENTITY]市盈率？,None
[ENTITY]交易存在哪些风险？,None
[ENTITY]是什么时候开始实施的？,None
[ENTITY]是哪个行业？,None
[ENTITY]是什么时候暂停实施的？,None
[ENTITY]的英文简称是什么？,None
[ENTITY]的方式？,None
[ENTITY]的期限有哪些？,None
[ENTITY]的三大报表有哪些？,None
哪些投资者可以参与[ENTITY]？,None
[ENTITY]的银行有哪些？,None
[ENTITY]可以经营哪些业务？,None
如何计算[ENTITY]？,None
[ENTITY]是哪个市场发行的股票？,None
[ENTITY]是哪个市场发行的股票？,None
[ENTITY]是什么指数？,None
[ENTITY]星和地球距离是多少？,None
[ENTITY]一共有多少集呀？,None
[ENTITY]中最亮的星星是那颗？,None
[ENTITY]在哪里？,None
[ENTITY]的经纪公司是哪一个？,None
[ENTITY]的成分？,None
[ENTITY]的发展目标是？,None
[ENTITY]全名叫什么？,None
[ENTITY]是哪一年开始服役的？,None
[ENTITY]竞争对手是？,None
长江[ENTITY]是指哪[ENTITY]？,None
小明想去[ENTITY]玩，你能为他推荐几个景点吗？,None
请问有多少人居住在[ENTITY]？,None
北京[ENTITY]的建筑面积？,None
[ENTITY]指数有哪些？,None
[ENTITY]是什么指数？,None
[ENTITY]是什么指数？,None
[ENTITY]有什么作用？,None
[ENTITY]能使用哪些限价盘？,None
[ENTITY]的去世时间是什么？,None
电视剧《[ENTITY]》是哪个国家制作的？,None
[ENTITY]是什么时候登上大荧幕的？,None
[ENTITY]的女友是谁？,None
[ENTITY]是哪个派别？,None
[ENTITY]中有些人物？,None
[ENTITY]国歌是什么？,None
[ENTITY]物种的地理分布？,None
数学符号中的[ENTITY]起源于哪里？,None
[ENTITY]是依据什么划分的？,None
[ENTITY]导航系统是什么时候投入使用的？,None
[ENTITY]是哪个国家的国王？,None
[ENTITY]流经哪些地方？,None
[ENTITY]分别是哪六种动物？,None
[ENTITY]的校训是什么？,None
[ENTITY]的校训是什么？,None
[ENTITY]包含哪四样？,None
[ENTITY]有哪些著名景点？,None
[ENTITY]的原唱是？,None
最早的一款[ENTITY]是哪一年发布的？,None
[ENTITY]有多长？,None
"""[ENTITY]""一词出自哪本经典作品？",None
小说《[ENTITY]》是谁翻译的？,None
[ENTITY]古城在哪个国家？,None
[ENTITY]的篮球生涯中，最高得分多少？,None
[ENTITY]有多高？,None
在道路上要[ENTITY]的国家有？,None
北大[ENTITY]集团的总资产是多少？,None
演员[ENTITY]是什么星座？,None
听说[ENTITY]是一个国家的国花，你知道是哪个国家吗？,None
[ENTITY]什么时候国庆？,None
[ENTITY]最大的城市是？,None
[ENTITY]是指哪三人？,None
[ENTITY]是每年的几月几日？,None
[ENTITY]的邮政编码是什么？,None
在金庸小说《天龙八部》中，[ENTITY]擅长什么武功？,None
植物[ENTITY]属于哪个纲？,None
87版《[ENTITY]》是哪国拍摄的？,None
曼昆那本著名的《[ENTITY]》是谁翻译的？,None
[ENTITY]的面积为大？,None
[ENTITY]刚创建时的校名是？,None
著名的[ENTITY]作家都有谁？,None
[ENTITY]是什么血型？,None
[ENTITY]的英文名是什么？,None
土豆的[ENTITY]写了多少字？,None
[ENTITY]是什么体裁的作品？,None
[ENTITY]学派的代表人物有哪些？,None
[ENTITY]的气候条件是怎样的？,None
西班牙城市[ENTITY]的外文名称是？,None
花样滑冰双人滑选手[ENTITY]的舞伴是？,None
海贼里[ENTITY]凯多在漫画、动画里第一次正式出现是什么时候？,None
电视剧《[ENTITY]》是何时上映的？,None
[ENTITY]是什么时候上映的？,None
[ENTITY]加入了哪些组织？,None
[ENTITY]的人均消费是多少？,None
电影《[ENTITY]》是何时上映的？,None
[ENTITY]属于哪个群体？,None
[ENTITY]在什么时间去世的？,None
[ENTITY]和七个小矮人的故事最早在哪个国家出版？,None
[ENTITY]使用什么货币？,None
有哪些地方的法律沿用[ENTITY]？,None
书籍《[ENTITY]》是由哪个出版社出版的？,None
[ENTITY]是什么时候被执行绞刑的？,None
歌曲[ENTITY]的mv导演是谁？,None
"""[ENTITY]""是古代著名的贸易通道，它经过了哪些省份？",None
[ENTITY]是哪一部小说的角色？,None
[ENTITY]这个形象出自于哪？,None
[ENTITY]的出生时间是什么？,None
[ENTITY]是使用哪种棋盘？,None
著名建筑[ENTITY]有多少层？,None
品牌[ENTITY]的英文名称是什么？,None
[ENTITY]成为非物质文化遗产的时间是？,None
[ENTITY]全长多少？,None
大漠英雄传中[ENTITY]的妻子是谁？,None
[ENTITY]使用的是什么操作系统？,None
香港[ENTITY]是指哪四个人？,None
电影《[ENTITY]》是在哪个国家拍摄的？,None
[ENTITY]的占地多少？,None
[ENTITY]的发生分为哪几个过程？,None
[ENTITY]的拉丁学名是什么？,None
[ENTITY]的主要分布在哪？,None
暗夜女神[ENTITY]出自哪个神话体系？,None
[ENTITY]CEO是谁？,None
[ENTITY]毕业于哪一所高校呢 ？,None
[ENTITY]的妻子是谁？,None
[ENTITY]景区是在哪里呢？,None
[ENTITY]有着什么样的校训？,None
[ENTITY]毕业于哪一所高校？,None
《[ENTITY]》的原著是哪位作家？,None
想吃[ENTITY]需要准备什么食材呢？,None
请问[ENTITY]特别行政区的首位行政长官是谁呢？,None
[ENTITY]是什么朝代的作品？,None
[ENTITY]景区的湖中二塔是指？,None
[ENTITY]景区有多宽呢？,None
[ENTITY]的证券类型？,None
[ENTITY]的员工人数？,None
[ENTITY]的上市日期？,None
[ENTITY]的总股本？,None
[ENTITY]的市盈率？,None
建议在[ENTITY]游玩多长时间呢？,None
[ENTITY]的交易机制？,None
[ENTITY]的经纪公司是？,None
已知的最亮的[ENTITY]是哪一颗？,None
[ENTITY]的粉丝自称什么？,None
[ENTITY]的孩子,None
[ENTITY]杂志是由哪个单位主办的？,None
[ENTITY]的官方语言是什么？,None
[ENTITY]毕业于哪个学校？,None
[ENTITY]的原名是什么？,None
歌曲《[ENTITY]》的原唱是谁？,None
已知的最大的[ENTITY]是哪一颗？,None
我们所熟悉的填词人[ENTITY]的本名叫什么？,None
我们常用的网站[ENTITY]的口号是什么？,None
[ENTITY]葬在哪里？,None
[ENTITY]的父亲是谁？,None
[ENTITY]的宗旨是什么？,None
[ENTITY]的公转周期是多长？,None
[ENTITY]是由谁命名的？,None
[ENTITY]有多重？,None
[ENTITY]位于中国的哪个地区？,None
[ENTITY]的别称是什么？,None
[ENTITY]最小交易单位？,None
[ENTITY]的上游是？,None
[ENTITY]的董事会秘书是谁?,None
[ENTITY]的创始人,None
[ENTITY]的公司地址,None
[ENTITY]的注册时间,None
[ENTITY]的上市时间,None
[ENTITY]的经营范围,None
[ENTITY]在红豆股份担任了什么职务,None
[ENTITY]的财务总监是谁?,None
[ENTITY]的CEO?,None
[ENTITY]的COO?,None
[ENTITY]的人事行政总监?,None
[ENTITY]的副总裁?,None
[ENTITY]的会计?,None
[ENTITY]的副行长?,None
[ENTITY]的首席信息官?,None
[ENTITY]的代理总经理,None
[ENTITY]的CFO?,None
[ENTITY]最大涨跌幅？,None
[ENTITY]的最新上任的独立董事是谁?,None
[ENTITY]的有几位副总经理?,None
[ENTITY]的全称是?,None
[ENTITY]的简称?,None
[ENTITY]的股票代码?,None
[ENTITY]的个股代码?,None
[ENTITY]的公司全称?,None
[ENTITY]有哪些高管?,None
[ENTITY]的高管数量?,None
[ENTITY]的职工监事是谁?,None
[ENTITY]公司成立时间?,None
[ENTITY]的监事会主席?,None
[ENTITY]的法人?,None
[ENTITY]的副董事长?,None
[ENTITY]的董事成员?,None
[ENTITY]的独立董事成员?,None
[ENTITY]的监事会成员?,None
[ENTITY]的监事会主席?,None
[ENTITY]的第一任董事长?,None
动物界鸟纲[ENTITY]有哪些生物？,None
[ENTITY]联盟由哪些机构构成？,None
[ENTITY]的高等学府有哪些？,None
[ENTITY]始于哪个朝代？,None
著名的[ENTITY]发生于我国哪个历史时期？,None
"""[ENTITY]""是对谁的尊称？",None
《[ENTITY]》又名什么？,None
[ENTITY]的校训是什么？,None
《西游记》中[ENTITY]的兵器叫什么？,None
唐太宗[ENTITY]的年号是什么？,None
[ENTITY]是谁的女儿？,None
[ENTITY]始建于哪一年？,None
[ENTITY]的陵寝是？,None
"""[ENTITY]""说的是谁的故事？",None
《[ENTITY]》是谁的诗？,None
[ENTITY]的水域率是多少？,None
[ENTITY]在哪场战役中走向覆灭？,None
[ENTITY]的终点是哪里？,None
被誉为[ENTITY]的是哪个国家？,None
明成祖[ENTITY]的年号是什么？,None
[ENTITY]的政治元老是谁？,None
[ENTITY]是哪本书里的角色？,None
[ENTITY]的籍贯是哪里？,None
[ENTITY]的构成要素包括什么？,None
[ENTITY]的曾用名？,None
[ENTITY]的董秘是谁？,None
[ENTITY]的股票简称是什么,None
[ENTITY]的上市日期？,None
[ENTITY]的主承销商？,None
[ENTITY]的最大股东是谁？,None
[ENTITY]的别名有哪些？,None
[ENTITY]的十大股东？,None
"""[ENTITY]""的签署日期？",None
"""[ENTITY]""的批准地点？",None
世界上第一台[ENTITY]叫什么名字？,None
[ENTITY]的发明者，被称为[ENTITY]之父的是哪位科学家？,None
老[ENTITY]在动物分类里属于哪个科？,None
老[ENTITY]的拉丁学名叫什么？,None
老[ENTITY]在生物学分类里属于哪个属？,None
[ENTITY]的质量？,None
[ENTITY]毕业于哪个大学？,None
"""[ENTITY]""指的是什么？",None
"""[ENTITY]""是什么体育项目联赛的年度冠军赛？",None
[ENTITY]道路驾驶靠哪边通行？,None
"""[ENTITY]""是哪个公司的口号？",None
"朋友说我""[ENTITY]""，他到底是什么意思？",None
[ENTITY]校庆日是哪一天？,None
哪些学校开设[ENTITY]？,None
[ENTITY]具有什么性质？,None
"""[ENTITY]""这一地区的最佳旅游时间是？",None
漂亮的[ENTITY]会哪些才艺啊？,None
[ENTITY]来自哪个国际组织？,None
[ENTITY]的基本元素是什么？,None
[ENTITY]最早出现在什么时候？,None
[ENTITY]的英文名是什么?,None
[ENTITY]有什么含义？,None
[ENTITY]的发病诱因有哪些？,None
在魔法禁术目录中，[ENTITY]的中文名是什么？,None
[ENTITY]的核心观点是什么?,None
[ENTITY]的主旨是什么？,None
[ENTITY]有什么特别的典故吗？,None
[ENTITY]有多少人口？,None
[ENTITY]发生在哪里？,None
[ENTITY]节起源于哪里？,None
[ENTITY]的内容分为哪三个部分？,None
[ENTITY]有哪些大学？,None
[ENTITY]校歌是？,None
清朝词人[ENTITY]是哪个民族的人？,None
[ENTITY]中创建了什么报纸？,None
[ENTITY]的开山鼻祖是谁？,None
三国[ENTITY]，人称？,None
[ENTITY]是对谁的尊称？,None
[ENTITY]在英语里叫做？,None
美国总统[ENTITY]什么时候去世的？,None
[ENTITY]在哪个洲？,None
[ENTITY]主要信仰什么宗教？,None
[ENTITY]签了哪个唱片公司？,None
歌手[ENTITY]是什么星座？,None
《[ENTITY]》出自于哪个专辑？,None
诗人[ENTITY]葬在了何地？,None
[ENTITY]的人力资源主管,None
[ENTITY]的代行行长,None
[ENTITY]的信息副总裁,None
[ENTITY]的首席技术官,None
[ENTITY]交易的标准量,None
世界四大[ENTITY]是哪4个,None
正规[ENTITY]有哪些,None
[ENTITY]的开盘时间,None
[ENTITY]的收盘时间,None
[ENTITY]IF是什么英文单词的缩写,None
[ENTITY]IH是什么意思,None
[ENTITY]指数的代表,None
[ENTITY]的客服电话是多少,None
"人们常说的""[ENTITY]""都指的是什么?",None
[ENTITY]分类,None
[ENTITY]的四项基本原则是什么?,None
保险中[ENTITY]的是指什么?,None
[ENTITY]有哪几种啊,None
[ENTITY]诞生时间,None
[ENTITY]的货币符号是什么,None
[ENTITY]是什么保险公司?,None
[ENTITY]的货币符号是什么,None
[ENTITY]上交易黄金，使用的计量单位,None
[ENTITY]正式上线时间,None
[ENTITY]的三大要务,None
中国首家[ENTITY],None
[ENTITY]的正式通过是在哪一年,None
[ENTITY]有哪些方式,None
现有的[ENTITY]结构,None
[ENTITY]治理的要素,None
[ENTITY]的内容有哪些,None
[ENTITY],None
[ENTITY]的基本要素,None
[ENTITY]实行的交收制度,None
[ENTITY]融资的主要手段,None
[ENTITY]方式包括哪些,None
[ENTITY]的资本管理对象,None
[ENTITY]的主要品种,None
[ENTITY]的四大类型,None
[ENTITY]的付费方式,None
[ENTITY]实行的交收制度,None
[ENTITY]发行方,None
[ENTITY]的基本单位,None
[ENTITY]的券别,None
[ENTITY]有哪些高管?,None
[ENTITY]的高管数量?,None
[ENTITY]女性高管的数量?,None
[ENTITY]公司成立时间?,None
[ENTITY]公司全称?,None
[ENTITY]的第一任董事长?,None
[ENTITY]的副董事长?,None
[ENTITY]的种类,None
[ENTITY]的法人?,None
[ENTITY]的董事成员?,None
[ENTITY]的独立董事成员?,None
[ENTITY]的监事会成员?,None
[ENTITY]的监事会主席?,None
[ENTITY]的有几位副总经理?,None
[ENTITY]的职工监事是谁?,None
[ENTITY]的最新上任的独立董事是谁?,None
[ENTITY]的财务总监?,None
[ENTITY]的五大职能,None
[ENTITY]最大的特点是什么?,None
[ENTITY]的发明人,None
[ENTITY]的最小面额,None
[ENTITY]的划分类别,None
[ENTITY]必须坚持的基本原则?,None
[ENTITY]支持哪些货币的即期交易?,None
[ENTITY]的交易方式,None
[ENTITY]的签发方,None
银行发行[ENTITY]的方式,None
[ENTITY]的构成主体,None
[ENTITY]的构成,None
[ENTITY]构成,None
[ENTITY]的发行者主要有?,None
[ENTITY]的类型,None
[ENTITY]的发行方式,None
[ENTITY]运作工具有哪些,None
[ENTITY]的构成主体,None
[ENTITY]组成,None
[ENTITY]的分类,None
[ENTITY]的种类,None
[ENTITY]是属于什么行业的？,None
处于领先地位的[ENTITY]?,None
场内交易的[ENTITY]主要包括,None
[ENTITY]的股东监事,None
[ENTITY]的董事会办公室主任,None
[ENTITY]的采购副总裁,None
[ENTITY]负责采购的总裁是?,None
中国大陆[ENTITY]类别,None
[ENTITY]的简称,None
[ENTITY]的全称,None
[ENTITY]的联席总裁,None
[ENTITY]类别,None
[ENTITY]创始人,None
[ENTITY]的三个特点,None
[ENTITY]的缩写,None
[ENTITY]指标的中文全称,None
[ENTITY]类别,None
[ENTITY]种类,None
[ENTITY]途径,None
[ENTITY]的妻子,None
[ENTITY]经营业务,None
[ENTITY]的经理助理,None
[ENTITY]的技术研究院试验中心总工程师,None
[ENTITY]的首席财务官,None
[ENTITY]的首席运营官,None
[ENTITY]的首席风险官,None
[ENTITY]的助理总裁,None
[ENTITY]的合规负责人,None
[ENTITY]的名誉董事长,None
[ENTITY]的外部监事,None
[ENTITY]的技术负责人,None
[ENTITY]的外部董事,None
[ENTITY]的常务副总经理,None
[ENTITY]的总会计书,None
浔兴股份的[ENTITY]担任了哪些职务,None
[ENTITY]的总审计师,None
[ENTITY]的总精算师,None
[ENTITY]的执行总经理,None
[ENTITY]的执行董事,None
[ENTITY]的市场总监,None
[ENTITY]的四种类型,None
[ENTITY]的方式,None
[ENTITY]的设立方式,None
[ENTITY]有哪些,None
股票(指数)分级基金的分级模式主要有哪些,None
有哪几类[ENTITY],None
[ENTITY]的相关费用主要有哪些,None
[ENTITY]的发行机构,None
[ENTITY]的发行机构,None
[ENTITY]有投资期限吗?,None
[ENTITY]可分为哪些,None
中国[ENTITY]的最短期限,None
[ENTITY]的职能,None
[ENTITY]包括,None
[ENTITY]组成,None
[ENTITY]厘定的基本原则,None
[ENTITY]分摊损失的方法,None
[ENTITY]主要种类,None
[ENTITY]的主要交易场所,None
[ENTITY]的分类,None
[ENTITY]的种类,None
[ENTITY]的类别,None
[ENTITY]概念分类,None
[ENTITY]的组织机构主要包括,None
[ENTITY]的种类,None
[ENTITY]最早的货币是什么,None
[ENTITY]的一般发行方,None
[ENTITY]方式分类,None
我国[ENTITY]的种类,None
[ENTITY]合约的交割月份,None
外汇期货[ENTITY]的代号是,None
八种主要货币的[ENTITY],None
[ENTITY]的全称,None
[ENTITY]的竞价时段,None
[ENTITY]的早市交易时段,None
[ENTITY]的延续早市交易时段,None
[ENTITY]的午后（下午）交易时段,None
[ENTITY]是谁提出的?,None
百度(中国)的大股东参股了哪几家公司,None
[ENTITY]包含哪些,None
[ENTITY]的主要类型,None
[ENTITY]是属于什么概念股的？,None
属于[ENTITY]的上市公司有多少？,None
[ENTITY]的上市公司一共有多少家？,None
"""[ENTITY]""高校有哪些？",None
[ENTITY]是用什么东西做的？,None
[ENTITY]是哪个国家的国花？,None
[ENTITY]是哪几部电视剧的制片人？,None
歌曲《[ENTITY]》的时长是多少？,None
古[ENTITY]帝国的人口有多少？,None
海贼里[ENTITY]都有谁？,None
电影《[ENTITY]》是由哪个电影公司出品的？,None
请问什么叫做[ENTITY]？,None
[ENTITY]被谁吃了？,None
[ENTITY]出生时间是哪一年？,None
为什么要庆祝[ENTITY]？,None
"哪位明星的粉丝叫""[ENTITY]""？",None
要多少步才能让一只蛋孵化成[ENTITY]？,None
书籍《[ENTITY]》的价格是多少？,None
[ENTITY]是哪个国家发明的？,None
[ENTITY]英年早逝，那么他是什么时候去世的？,None
《[ENTITY]》是一部非常经典、脍炙人口的作品，请问它出自哪里？,None
你知道[ENTITY]属于什么植物纲吗？,None
[ENTITY]的人口数量是多少？,None
请问[ENTITY]分布在哪些区域？,None
[ENTITY]在哪里毕业的？,None
《[ENTITY]》有多少页？,None
海贼里[ENTITY]率领着哪个海贼团纵横新世界？,None
网络剧《[ENTITY]》在那个网站平台上播出？,None
[ENTITY]有什么样的象征意义？,None
[ENTITY]的人口有多少？,None
一[ENTITY]有多少天？,None
[ENTITY]是哪个地方的小吃？,None
有哪些地方的法律沿用[ENTITY]？,None
电视剧《[ENTITY]》是何时上映的？,None
[ENTITY]的光学原理是什么？,None
输入:[ENTITY]的儿子是谁？,None
[ENTITY]的主场馆是？,None
[ENTITY]占地面积多大？,None
[ENTITY]起源于什么地方？,None
[ENTITY]实在什么时候开始的？,None
[ENTITY]的市花是什么？,None
[ENTITY]时期的政治体制是？,None
[ENTITY]中有些人物？,None
[ENTITY]的兄弟企业有哪几家？,None
[ENTITY]的联营企业都有谁？,None
[ENTITY]的母公司是谁？,None
[ENTITY]参股了哪些公司？,None
[ENTITY]有多少上市公司？,None
什么是[ENTITY]？,None
[ENTITY]是什么指数？,None
[ENTITY]有哪些子公司？,None
什么是[ENTITY]？,None
什么是[ENTITY]?,None
[ENTITY]的是什么性质的,None
[ENTITY]的主要业务是啥？,None
[ENTITY]的股票代码是多少,None
[ENTITY]的十大股东都有谁,None
[ENTITY]的全称是什么,None
[ENTITY]旗下有哪些主要产品？,None
[ENTITY]的费率？,None
[ENTITY]的下属子公司、参股公司有哪些？,None
[ENTITY]的母公司都有哪些？,None
[ENTITY]的下属子公司、参股公司都有哪些？,None
[ENTITY]的公司名称?,None
[ENTITY]的总经理叫什么?,None
[ENTITY]的董事会秘书是谁?,None
[ENTITY]的副总经理有哪几位?,None
[ENTITY]的董事有哪几位?,None
[ENTITY]的独立董事有哪几位?,None
[ENTITY]的总会计师是谁?,None
[ENTITY]的职工监事是谁?,None
[ENTITY]的职工代表监事是谁?,None
[ENTITY]的总经理助理是谁?,None
[ENTITY]股份有限公司的总裁叫什么名字？,None
[ENTITY]的全称是什么？,None
[ENTITY]的间接兄弟企业都有哪些？,None
[ENTITY]的间接兄弟企业是谁？,None
[ENTITY]的间接非控股股东都有哪些？,None
[ENTITY]的间接控股股东都有哪些？,None
[ENTITY]的兄弟企业都有哪些？,None
[ENTITY]是柳树的哪一个器官？,None
[ENTITY]的融资时间？,None
[ENTITY]是何时提出的？,None
[ENTITY]名下有哪个个人基金？,None
[ENTITY]校庆日也是一个非常重要的节日，是哪一天？,None
[ENTITY]翻译过哪些作品？,None
[ENTITY]的天敌是什么？,None
在个人准则层面，我们应该如何践行社会主义[ENTITY]？,None
[ENTITY]是哪一年建立的？,None
[ENTITY]的结果？,None
[ENTITY]的国际机场有哪些？,None
[ENTITY]的老公是谁？,None
化妆品牌[ENTITY]出自哪国？,None
"男朋友跟我说他感到""[ENTITY]""，他到底是什么意思？",None
[ENTITY]的葡萄酒有什么特点？,None
哪些动物属于[ENTITY]？,None
[ENTITY]的学院有哪些？,None
[ENTITY]的海拔？,None
[ENTITY]研发的软件都有哪些？,None
[ENTITY]五大常任理事国有哪些？,None
由史蒂芬·乔布斯创立的[ENTITY]公司的理念与口号是什么？,None
[ENTITY]是一所什么类型的学校？,None
[ENTITY]是指多少个？,None
给我推荐一些[ENTITY]游戏？,None
[ENTITY]的气候是什么类型？,None
[ENTITY]现在效力哪只球队？,None
[ENTITY]原产地在哪里？,None
白垩纪时[ENTITY]曾分布在哪些地方？,None
[ENTITY]校歌是？,None
[ENTITY]是什么时候开始兴起的？,None
[ENTITY]的本名是什么？,None
哪些地方以[ENTITY]作为官方语言？,None
[ENTITY]的地址是哪里？,None
当年都有谁教过体操王子[ENTITY]？,None
[ENTITY]是熊还是猫？,None
中国[ENTITY]的起止点一般是指？,None
罗马神话中的[ENTITY]是谁的儿子？,None
[ENTITY]的传播媒介是？,None
[ENTITY]分别是谁？,None
现存的[ENTITY]有哪些？,None
[ENTITY]使用多大口径的子弹？,None
[ENTITY]的选官制度？,None
[ENTITY]人主要是什么民族？,None
[ENTITY]有多少集？,None
告诉我[ENTITY]的性别比例？,None
在金庸小说《天龙八部》中，[ENTITY]的父亲是谁？,None
[ENTITY]的英文名是什么？,None
[ENTITY]的优点是什么？,None
[ENTITY]的时间有什么规律？,None
[ENTITY]都有哪些风俗活动？,None
[ENTITY]地处哪座城市？,None
古时候的一个[ENTITY]在现在是多长时间？,None
[ENTITY]的最高海拔为多少？,None
唐代女诗人[ENTITY]于哪年去世？,None
有什么[ENTITY]方面的著作？,None
《[ENTITY]》是何时开始施行的？,None
澳大利亚的[ENTITY]有什么著名景点？,None
电影《[ENTITY]》的票房是多少？,None
[ENTITY]原名是什么？,None
[ENTITY]的知名校友？,None
王菲的《[ENTITY]》收录在哪张专辑？,None
在金庸小说《天龙八部》中，[ENTITY]的情妇都有谁？,None
制作[ENTITY]需要哪些原材料啊？,None
请问[ENTITY]的主要作品有哪些？,None
[ENTITY]的出品人是谁？,None
你知道[ENTITY]的类别吗？,None
[ENTITY]的主要国家有哪些？,None
歌手[ENTITY]毕业于？,None
[ENTITY]的是哪位女花滑运动员？,None
[ENTITY]的地址是哪里？,None
[ENTITY]的英文全名是什么？,None
"荀子主张""人性本恶""，那你知道[ENTITY]是谁提出的吗？",None
[ENTITY]在哪一年产生？,None
[ENTITY]何时建造？,None
[ENTITY]是中国著名的篮球运动员，那么[ENTITY]研究生就读于哪所大学？,None
[ENTITY]媳妇是谁？,None
足球运动员[ENTITY]惯用哪支脚？,None
[ENTITY]的著名哲学主张是？,None
[ENTITY]的主要成员有哪些？,None
你知道[ENTITY]的配方吗？,None
动漫形象[ENTITY]出自于哪部作品？,None
电视剧《[ENTITY]》在哪里拍摄？,None
歌曲《[ENTITY]》属于歌手许嵩的哪张专辑？,None
[ENTITY]的所有者是谁？,None
[ENTITY]的注册资本是多少？,None
[ENTITY]的交割方式,None
[ENTITY]在哪里交易,None
[ENTITY]的交易单位,None
[ENTITY]的报价单位,None
[ENTITY]有几个股票交易所,None
[ENTITY]有哪几个股票交易所,None
美国证券交易所[ENTITY]的简称是什么,None
[ENTITY]的交易代码,None
美国证券交易所[ENTITY]的简称是什么,None
[ENTITY]股票代码,None
[ENTITY]的母公司是谁？,None
[ENTITY]有哪些？,None
[ENTITY]有哪些？,None
[ENTITY]有哪些？,None
[ENTITY]的代码是多少,None
[ENTITY]股票代码是多少？,None
美国证券交易所[ENTITY]的简称是什么,None
[ENTITY]什么时候上市的？,None
[ENTITY]的董秘是谁？,None
[ENTITY]的注册资本是多少？,None
[ENTITY]涉及哪些当事人?,None
[ENTITY]可分为哪几类？,None
[ENTITY]的全称是什么？,None
[ENTITY]交易时间?,None
[ENTITY]交易实行三大原则?,None
[ENTITY]业务的投资范围是什么？,None
[ENTITY]的覆盖范围有哪些？,None
[ENTITY]的总经理是谁？,None
[ENTITY]可以分成什么类型？,None
一般的[ENTITY]可分为哪几类？,None
可以将[ENTITY]分为哪几类？,None
[ENTITY]种类？,None
[ENTITY]组成？,None
[ENTITY]可以分成什么类别？,None
[ENTITY]曾用名？,None
[ENTITY]所属行业,None
[ENTITY]可划分为哪几类？,None
[ENTITY]统一社会信用代码是多少？,None
[ENTITY]纳税人识别号是多少？,None
[ENTITY]营业期限是多少？,None
[ENTITY]的最小变动价位？,None
[ENTITY]全称？,None
[ENTITY]全称？,None
[ENTITY]全称？,None
[ENTITY]领导都有谁？,None
[ENTITY]主席是谁,None
[ENTITY]领导都有谁？,None
[ENTITY]的报价单位？,None
[ENTITY]创建于哪一年？,None
[ENTITY]旗下有哪些产品？,None
[ENTITY]的基金管理人是谁？,None
[ENTITY]有哪些基金产品？,None
[ENTITY]的起购金额最小是多少？,None
[ENTITY]现在一共接入了几支基金,None
[ENTITY]有多少家上市公司,None
[ENTITY]的上市公司有多少,None
[ENTITY]上市时间,None
[ENTITY]的交易单位是多少？,None
[ENTITY]的全称是什么？,None
[ENTITY]的全称是什么？,None
[ENTITY]注册地址是多少？,None
[ENTITY]组织机构代码是多少？,None
[ENTITY]公司的公司类型？,None
[ENTITY]所属行业？,None
[ENTITY]登记机关？,None
[ENTITY]英文名称？,None
[ENTITY]A轮融资是什么时候,None
[ENTITY]IPO上市前经历了几轮融资,None
[ENTITY]有哪些产品,None
[ENTITY]的股票代码是多少？,None
[ENTITY]的股票代码是多少？,None
[ENTITY]的股票代码是多少？,None
[ENTITY]的股票代码是多少？,None
[ENTITY]的股票代码是多少？,None
[ENTITY]的股票代码是多少？,None
[ENTITY]的全称是什么？,None
[ENTITY]的全称是什么？,None
什么是[ENTITY],None
[ENTITY]的法定代表人是谁,None
[ENTITY]的客服电话？,None
[ENTITY]开户方式,None
[ENTITY]的股票代码是多少？,None
[ENTITY]的净资产是多少？,None
[ENTITY]的净利润是多少？,None
[ENTITY]的市盈率是多少？,None
[ENTITY]的市净率是多少？,None
[ENTITY]的毛利率是多少？,None
[ENTITY]的净利率是多少？,None
位于[ENTITY]的期货交易所叫什么,None
[ENTITY]的ROE是多少？,None
[ENTITY]的注册地址是哪里,None
[ENTITY]是谁名下的企业,None
[ENTITY]的全称是什么,None
[ENTITY]的外文名称,None
[ENTITY]简称什么,None
[ENTITY]外文名称,None
[ENTITY]的注册地址,None
[ENTITY]的中文简称是什么,None
[ENTITY]的传真是多少,None
[ENTITY]在中国哪个城市,None
[ENTITY]在中国哪个城市,None
[ENTITY]总部在哪里？,None
[ENTITY]的企业口号是什么？,None
国内有哪些[ENTITY]？,None
[ENTITY]有几个期货交易所,None
[ENTITY]有几个期货交易所,None
[ENTITY]有几个期货交易所？,None
[ENTITY]有几个期货交易所？,None
[ENTITY]在中国哪个城市,None
[ENTITY]都交易什么期货？,None
[ENTITY]在哪交易,None
[ENTITY]在哪个交易所交易,None
[ENTITY]可以交易什么期货？,None
[ENTITY]都能交易什么期货,None
[ENTITY]交易的期货有几种,None
[ENTITY]交易的期货有几种,None
[ENTITY]的期货交易有多少种,None
[ENTITY]可以在哪里交易？,None
[ENTITY]简称什么,None
[ENTITY]外文名称,None
[ENTITY]的注册地址,None
[ENTITY]的全资子公司有哪些？,None
[ENTITY]控股了哪些公司？,None
[ENTITY]参股了哪些公司？,None
[ENTITY]的十大股东都有谁？,None
[ENTITY]的股票代码是什么？,None
[ENTITY]的董事会秘书？,None
[ENTITY]的法人代表？,None
[ENTITY]在A股上市时间？,None
[ENTITY]的中文全称是什么？,None
[ENTITY]的办公地址在哪？,None
[ENTITY]的注册资本是多少？,None
[ENTITY]的总经理是谁？,None
[ENTITY]的员工人数？,None
[ENTITY]属于哪个行业？,None
[ENTITY]有多少个行业类别,None
[ENTITY]分类类别？,None
[ENTITY]的外文全称是什么？,None
[ENTITY]前十大股东是谁,None
[ENTITY]总部在哪个城市,None
[ENTITY]的法人代表是谁,None
[ENTITY]的传真是多少,None
中国上市公司的[ENTITY]有哪几种,None
[ENTITY]总部设在哪里,None
[ENTITY]包括哪些行业,None
[ENTITY]的全称？,None
[ENTITY]的全称？,None
[ENTITY]的法定代表人是谁,None
[ENTITY]的注册资本是多少,None
[ENTITY]的成立日期,None
[ENTITY]的统一社会信用代码,None
[ENTITY]的工商注册号,None
[ENTITY]的组织机构代码,None
[ENTITY]的英文名称,None
[ENTITY]的注册地址,None
[ENTITY]的历史法人,None
[ENTITY]企业地址？,None
[ENTITY]的英文名称？,None
[ENTITY]交易方式？,None
[ENTITY]校歌是？,None
[ENTITY]的公司简称?,None
[ENTITY]的动力是什么？,None
海贼王里[ENTITY]更被人熟知的外号是什么？,None
[ENTITY]坐落在哪个区？,None
[ENTITY]在全国排第几位？,None
被誉为[ENTITY]的是哪个国家？,None
[ENTITY]的气候条件？,None
看电影[ENTITY]得花多久？,None
[ENTITY]到底有多长？,None
[ENTITY]的信仰是什么？,None
[ENTITY]的接班人是谁？,None
[ENTITY]加入奥运会是在哪一年？,None
[ENTITY]位于哪？,None
"化学式为""[ENTITY]""的物质有哪些？",None
去[ENTITY]游玩需要花费多少钱？,None
[ENTITY]位于海拔多少米的地方？,None
恐龙中的[ENTITY]存活于哪个时期？,None
与[ENTITY]相关的证书都有什么？,None
作品《[ENTITY]》是由谁翻译的？,None
[ENTITY]的校歌是？,None
三国时期[ENTITY]有什么发明？,None
[ENTITY]毕业于哪所大学？,None
钢铁侠[ENTITY]是哪个学校的校友？,None
植物[ENTITY]属于哪个纲？,None
[ENTITY]发生在什么时候？,None
[ENTITY]是干什么用的？,None
[ENTITY]属于动物分类法中的哪个目？,None
[ENTITY]的注册会员有多少？,None
[ENTITY]的大副是谁？,None
陈奕迅的《[ENTITY]》收录在哪张专辑？,None
[ENTITY]的分布很广，你知道它的主要分布地区在哪里吗？,None
[ENTITY]出现的原因是什么？,None
[ENTITY]主要宗教是什么？,None
[ENTITY]的分子式？,None
[ENTITY]的政治体制是什么？,None
[ENTITY]先生会几种语言？,None
[ENTITY]建立了哪个朝代？,None
[ENTITY]的水质如何？,None
海贼王里[ENTITY]是被谁养大的？,None
[ENTITY]有多长？,None
[ENTITY]先生的孩子是谁？,None
二十四节气中[ENTITY]之后是？,None
[ENTITY]的国土面积有多大？,None
公开表明过对[ENTITY]的崇拜之情的都有？,None
我想去云南[ENTITY]旅游，坐火车到哪下车离目的地最近？,None
[ENTITY]有什么作用？,None
[ENTITY]有多少个硕士点？,None
[ENTITY]的主要口味是什么？,None
植物[ENTITY]分布在哪些区域？,None
[ENTITY]有什么特点？,None
[ENTITY]有多重？,None
[ENTITY]的三种颜色分别是？,None
[ENTITY]的死对头是谁？,None
二战时期“[ENTITY]”的成员有哪些？,None
我们经常吃的[ENTITY]又称什么？,None
《[ENTITY]》是哪个民族的民歌？,None
曹文轩老师创作的[ENTITY]收录在哪里？,None
[ENTITY]的高水位是多少？,None
散文《[ENTITY]》是哪一年创作的？,None
[ENTITY]的英文名称是什么？,None
电影《[ENTITY]》是何时上映的？,None
[ENTITY]的国家领袖是谁？,None
二郎神身边的神兽[ENTITY]是哪部作品里的角色？,None
[ENTITY]的信仰是什么？,None
“打蛇打[ENTITY]”中的[ENTITY]是什么含义？,None
《射雕英雄传》中[ENTITY]的丈夫是谁？,None
[ENTITY]葬在哪里？,None
前身是[ENTITY]的公司是？,None
[ENTITY]的妻子是谁？,None
[ENTITY]是哪部小说中的人物？,None
[ENTITY]的政治体制是？,None
[ENTITY]是什么？,None
[ENTITY]的面积有多大？,None
[ENTITY]在什么温度会熔化？,None
[ENTITY]的建造者是谁？,None
社会主义[ENTITY]的主要内容是什么？,None
[ENTITY]流入哪一片海域？,None
[ENTITY]是谁发明的？,None
火影忍者正篇里用过[ENTITY]的有谁？,None
西安[ENTITY]是什么级别的文物保护单位？,None
[ENTITY]是何时入党的？,None
[ENTITY]的企业愿景是什么？,None
[ENTITY]的公司使命是什么？,None
古希腊神话中[ENTITY]有哪些兄弟姐妹？,None
[ENTITY]在教育方面有什么主张？,None
我是[ENTITY]的一员，给我推销一些东西吧？,None
[ENTITY]的作用是什么？,None
[ENTITY]是哪族人？,None
海贼王里[ENTITY]拥有什么果实的能力？,None
有哪些国家使用[ENTITY]？,None
梁静茹的[ENTITY]是用国语唱的还是粤语唱的？,None
[ENTITY]在标准大气压下的沸点是多少？,None
歌曲[ENTITY]的原唱是？,None
[ENTITY]物种的地理分布？,None
[ENTITY]国歌是什么？,None
[ENTITY]中有些人物？,None
[ENTITY]是哪个派别？,None
[ENTITY]的女友是谁？,None
什么季节容易发生[ENTITY]？,None
[ENTITY]是什么时候登上大荧幕的？,None
[ENTITY]是依据什么划分的？,None
数学符号中的[ENTITY]起源于哪里？,None
[ENTITY]有多长？,None
"""[ENTITY]""一词出自哪本经典作品？",None
87版《[ENTITY]》是哪国拍摄的？,None
植物[ENTITY]属于哪个纲？,None
在金庸小说《天龙八部》中，[ENTITY]擅长什么武功？,None
[ENTITY]的邮政编码是什么？,None
[ENTITY]是每年的几月几日？,None
[ENTITY]是指哪三人？,None
[ENTITY]什么时候国庆？,None
听说[ENTITY]是一个国家的国花，你知道是哪个国家吗？,None
[ENTITY]导航系统是什么时候投入使用的？,None
[ENTITY]的原唱是？,None
[ENTITY]是哪个国家的国王？,None
品牌[ENTITY]的英文名称是什么？,None
著名建筑[ENTITY]有多少层？,None
[ENTITY]是使用哪种棋盘？,None
[ENTITY]的出生时间是什么？,None
[ENTITY]这个形象出自于哪？,None
[ENTITY]是哪一部小说的角色？,None
"""[ENTITY]""是古代著名的贸易通道，它经过了哪些省份？",None
歌曲[ENTITY]的mv导演是谁？,None
[ENTITY]是什么时候被执行绞刑的？,None
著名的[ENTITY]作家都有谁？,None
[ENTITY]刚创建时的校名是？,None
[ENTITY]的面积为大？,None
最早的一款[ENTITY]是哪一年发布的？,None
[ENTITY]有哪些著名景点？,None
[ENTITY]包含哪四样？,None
[ENTITY]的校训是什么？,None
[ENTITY]的校训是什么？,None
[ENTITY]分别是哪六种动物？,None
[ENTITY]流经哪些地方？,None
演员[ENTITY]是什么星座？,None
北大[ENTITY]集团的总资产是多少？,None
在道路上要[ENTITY]的国家有？,None
[ENTITY]有多高？,None
钢铁侠[ENTITY]的机器人助手叫什么？,None
举世闻名的[ENTITY]在哪个国家？,None
海贼王里[ENTITY]悬赏金有多少？,None
[ENTITY]的祖籍是哪里人？,None
[ENTITY]的结拜兄弟是谁？,None
《[ENTITY]》实在太好看了，你知道它总共有多少集吗，我想全刷一遍？,None
[ENTITY]的平均海拔是多少？,None
[ENTITY]主要由哪些原料制作而成？,None
你知道《[ENTITY]》系列游戏的发行商是哪个公司吗？,None
[ENTITY]是由谁提出的？,None
发明世界上第一部[ENTITY]是谁？,None
[ENTITY]是哪部作品中的人物？,None
[ENTITY]包括哪三颗星星？,None
[ENTITY]都曾签约过哪些公司？,None
[ENTITY]的官方语言是什么？,None
[ENTITY]的参战双方是谁？,None
希腊神话中[ENTITY]住在哪？,None
《[ENTITY]》是什么时候出版的？,None
[ENTITY]的功效是什么？,None
[ENTITY]陈老啥时候走的？,None
化学[ENTITY]是谁创造的？,None
[ENTITY]花主要生长在哪里？,None
[ENTITY]是中国近代著名的才女，你知道她在哪两个领域有所建树吗？,None
[ENTITY]的篮球生涯中，最高得分多少？,None
[ENTITY]古城在哪个国家？,None
小说《[ENTITY]》是谁翻译的？,None
[ENTITY]是谁？,None
足球运动员[ENTITY]是哪个运动队的？,None
[ENTITY]属于哪一科？,None
冰[ENTITY]需要哪些原料？,None
漫画《[ENTITY]》的出版社是哪个？,None
有人向我推荐了[ENTITY]这部剧，你知道在哪儿能在线看吗，急！？,None
历史上哪个人物创建了[ENTITY]？,None
[ENTITY]节都有哪些习俗？,None
生活中常说的“[ENTITY]”是指哪几种金属？,None
音乐人[ENTITY]喜欢哪些动物？,None
网络剧《[ENTITY]》在那个网站平台上播出？,None
[ENTITY]属于哪个大洲？,None
有什么著名的描写杭州[ENTITY]的诗呀？,None
[ENTITY]的英文名称是什么？,None
“[ENTITY]”这个词是什么意思？,None
NBA球星[ENTITY]生涯的重要事件有哪些？,None
[ENTITY]的官方语言是什么？,None
NBA中[ENTITY]主要是打哪个位置？,None
北京的[ENTITY]博物院什么季节去最好？,None
[ENTITY]的气候怎么样？,None
[ENTITY]的港口是什么？,None
[ENTITY]是谁创造的？,None
[ENTITY]有哪几种颜色？,None
杨红樱什么时候创作的[ENTITY]？,None
[ENTITY]是什么属性的小精灵？,None
[ENTITY]最主要的支流有哪些？,None
[ENTITY]的笔名是什么？,None
[ENTITY]公司的具体地址是？,None
[ENTITY]时期三个国家以及各自的面积？,None
[ENTITY]是哪一天设定的？,None
实行[ENTITY]的有哪些国家？,None
[ENTITY]有哪些著名的汽车品牌？,None
鹑吃浆果，狮头鹅吃杂食，请问[ENTITY]吃什么？,None
美苏[ENTITY]期间发生了什么重大事件？,None
书籍《[ENTITY]》定价多少？,None
被称为“法鲨”的[ENTITY]毕业于哪所院校？,None
“[ENTITY]”是谁提出的？,None
白居易的那首《[ENTITY]》一共有多少字？,None
《[ENTITY]》有多少分钟？,None
[ENTITY]种植在哪些区域？,None
什么叫[ENTITY]？,None
[ENTITY]是在哪一年解体的？,None
[ENTITY]是哪个游戏里的角色？,None
[ENTITY]的国土面积是多少？,None
海贼王里[ENTITY]怕什么？,None
[ENTITY]是哪个城市的？,None
白居易的那首《[ENTITY]》一共有多少字？,None
[ENTITY]的公司名称是什么?,None
[ENTITY]都有哪些习俗？,None
[ENTITY]有哪些火车站？,None
《[ENTITY]》是谁的传世之作？,None
“[ENTITY]”都有哪些？,None
[ENTITY]是哪个系列的游戏？,None
[ENTITY]创建于什么时候？,None
[ENTITY]国花是什么？,None
[ENTITY]是哪一年过世的？,None
[ENTITY]从外表看上去是什么样子的？,None
[ENTITY]用英文怎么说？,None
[ENTITY]太好看了，听说它还获得了电视剧金奖，我想刷完整部剧，你知道它每集有多长吗？,None
[ENTITY]的谥号是什么？,None
[ENTITY]的发源地是哪里？,None
[ENTITY]旗下都有哪些艺人？,None
[ENTITY]的最高温度是？,None
电影《[ENTITY]》是制片成本是多少？,None
有多少[ENTITY]是雌性的，多少是雄性的？,None
[ENTITY]这个形象出自于哪？,None
[ENTITY]在位时的年号是什么？,None
品牌[ENTITY]主要卖什么食品？,None
[ENTITY]的开山鼻祖是谁？,None
[ENTITY]中创建了什么报纸？,None
清朝词人[ENTITY]是哪个民族的人？,None
[ENTITY]校歌是？,None
[ENTITY]有哪些大学？,None
[ENTITY]的内容分为哪三个部分？,None
[ENTITY]节起源于哪里？,None
“[ENTITY]”是什么体育项目联赛的年度冠军赛？,None
“[ENTITY]”指的是什么？,None
[ENTITY]毕业于哪个大学？,None
[ENTITY]的政治元老是谁？,None
被誉为[ENTITY]的是哪个国家？,None
[ENTITY]的终点是哪里？,None
[ENTITY]在哪场战役中走向覆灭？,None
[ENTITY]的水域率是多少？,None
《[ENTITY]》是谁的诗？,None
谁是[ENTITY]的守护神？,None
我特别喜欢看[ENTITY]，你记得它第一次播出是什么时候吗？,None
[ENTITY]又被称为什么？,None
[ENTITY]是？,None
[ENTITY]的中国区总部在哪？,None
[ENTITY]最常在哪个季节穿？,None
[ENTITY]市的城市精神是？,None
[ENTITY]总书记毕业于哪个大学？,None
[ENTITY]的地址是哪里,None
你知道[ENTITY]省的省花是什么吗？,None
国际足联[ENTITY]的冠军奖杯叫做什么？,None
新海诚动漫《[ENTITY]》由哪个公司出品？,None
[ENTITY]的结果是什么？,None
[ENTITY]有多高？,None
中国一共有多少家[ENTITY]？,None
[ENTITY]的官方语言是什么？,None
你喜欢吃[ENTITY]吗，你知道是谁发明的吗？,None
[ENTITY]的公转周期是多少天？,None
可以给我推荐一些[ENTITY]公司出的游戏吗？,None
有什么和“[ENTITY]”意思相近的词语？,None
小明想调一杯[ENTITY]，他需要哪些酒作为基酒？,None
[ENTITY]当前效力于哪个队？,None
家喻户晓的角色[ENTITY]是由哪个演员扮演的？,None
[ENTITY]祖籍是哪里？,None
在金庸小说《天龙八部》中，谁练成了[ENTITY]？,None
[ENTITY]是怎样的建筑风格？,None
[ENTITY]主要依靠什么思想治国?？,None
为什么会发生[ENTITY]？,None
[ENTITY]是在什么条约的签订下展开的？,None
歌曲《[ENTITY]》属于歌手许嵩的哪张专辑？,None
[ENTITY]校歌是？,None
日本间谍[ENTITY]是哪个民族的？,None
[ENTITY]的动力是什么？,None
[ENTITY]流经的面积有多大？,None
[ENTITY]原名是什么？,None
《[ENTITY]》系列电影的发行公司是哪个？,None
[ENTITY]是什么颜色的？,None
[ENTITY]e大约是多少？,None
谁建立了[ENTITY]？,None
[ENTITY]有多大？,None
小说《[ENTITY]》连载于哪个网站？,None
阿里巴巴创始人[ENTITY]是什么血型呀？,None
[ENTITY]瀑布位于哪个省市？,None
[ENTITY]居住在哪里？,None
[ENTITY]有多少颗卫星？,None
[ENTITY]的面积有多大？,None
现在都有哪些[ENTITY]？,None
[ENTITY]是谁发起的？,None
在[ENTITY]主要会听到什么语言？,None
[ENTITY]足球赛隔多久举办一次？,None
谁会[ENTITY]？,None
[ENTITY]有哪些？,None
大[ENTITY]又被叫做什么？,None
[ENTITY]的校歌是？,None
[ENTITY]死后被藏在哪儿？,None
神灯神灯，告诉我[ENTITY]到底是干嘛用的？,None
[ENTITY]的国花是什么？,None
[ENTITY]的职业是什么？,None
[ENTITY]位于哪儿？,None
[ENTITY]的地址是哪里,None
《名侦探[ENTITY]》是由谁的同名漫画改编的？,None
[ENTITY]是什么风格的建筑？,None
海贼王里[ENTITY]的克星有谁？,None
我想看[ENTITY]，在哪儿能找到在线资源啊？,None
[ENTITY]属于什么亚纲？,None
[ENTITY]表示什么含义？,None
[ENTITY]种植在哪些区域？,None
[ENTITY]的国花是什么？,None
[ENTITY]发源于哪一年？,None
[ENTITY]子有什么象征意义？,None
[ENTITY]成为非物质文化遗产的时间是？,None
[ENTITY]的地址是哪里,None
[ENTITY]这个故事发生在哪个年代？,None
民国有四个男人英俊潇洒，被称为“[ENTITY]”，他们是谁？,None
[ENTITY]有着怎样的历史地位？,None
[ENTITY]有什么值得参观的馆藏？,None
[ENTITY]在哪一天校庆？,None
[ENTITY]是什么时候发明的？,None
[ENTITY]来自哪个神话体系？,None
你知道我们所在的[ENTITY]的质量吗？,None
[ENTITY]有哪些世界之最的美誉？,None
中国大陆[ENTITY]，男生不得早于多少岁？,None
[ENTITY]的电话区号是多少？,None
曾为世界最高的[ENTITY]位于哪一个国家？,None
[ENTITY]七雄是指哪七个国家？,None
[ENTITY]是哪部作品里的角色？,None
[ENTITY]的主要民族？,None
[ENTITY]先生是一个什么性格的人？,None
[ENTITY]朝在谁的手上走向灭亡？,None
我国的[ENTITY]是什么？,None
[ENTITY]有多少个博士点？,None
[ENTITY]是哪个国家的？,None
电影[ENTITY]的语言是？,None
[ENTITY]市的市花是什么？,None
[ENTITY]在哪一天去世？,None
[ENTITY]是哪两个人之间发生的故事？,None
书籍《[ENTITY]》是什么体裁？,None
你知道[ENTITY]的熔点吗？,None
海贼王里[ENTITY]的梦想是什么？,None
[ENTITY]的中文名是什么？,None
你知道[ENTITY]又叫做什么吗？,None
[ENTITY]的口号是什么？,None
[ENTITY]开始的标志是什么？,None
大[ENTITY]建立了哪个朝代？,None
[ENTITY]的主要学府有哪些？,None
[ENTITY]在哪个省份？,None
海贼王动画里[ENTITY]的声优是谁？,None
[ENTITY]的气候条件是怎样的？,None
[ENTITY]的中文学名？,None
[ENTITY]的通胀率是多少？,None
[ENTITY]公司的经营范围有哪些？,None
在金庸小说《天龙八部》中，[ENTITY]的修习者是谁？,None
[ENTITY]是哪个门派的？,None
[ENTITY]的国家领导人是谁？,None
[ENTITY]的发展定位是什么,None
[ENTITY]利用了哪方面的物理学原理？,None
[ENTITY]全长多少？,None
[ENTITY]是哪部作品中的人物？,None
[ENTITY]使用的是什么操作系统？,None
国际足联[ENTITY]的冠军奖杯叫做什么？,None
新海诚动漫《[ENTITY]》由哪个公司出品？,None
[ENTITY]的结果是什么？,None
[ENTITY]有多高？,None
中国一共有多少家[ENTITY]？,None
[ENTITY]的官方语言是什么？,None
你喜欢吃[ENTITY]吗，你知道是谁发明的吗？,None
[ENTITY]的公转周期是多少天？,None
你知道[ENTITY]省的省花是什么吗？,None
可以给我推荐一些[ENTITY]公司出的游戏吗？,None
小明想调一杯[ENTITY]，他需要哪些酒作为基酒？,None
[ENTITY]当前效力于哪个队？,None
家喻户晓的角色[ENTITY]是由哪个演员扮演的？,None
[ENTITY]是？,None
[ENTITY]祖籍是哪里？,None
[ENTITY]又被称为什么？,None
谁是[ENTITY]的守护神？,None
[ENTITY]这个形象出自于哪？,None
"有什么和""[ENTITY]""意思相近的词语？",None
[ENTITY]的地址是哪里,None
[ENTITY]总书记毕业于哪个大学？,None
[ENTITY]市的城市精神是？,None
[ENTITY]最主要的支流有哪些？,None
[ENTITY]的笔名是什么？,None
[ENTITY]公司的具体地址是？,None
[ENTITY]是哪一天设定的？,None
《[ENTITY]》有多少分钟？,None
实行[ENTITY]的有哪些国家？,None
[ENTITY]有哪些著名的汽车品牌？,None
鹑吃浆果，狮头鹅吃杂食，请问[ENTITY]吃什么？,None
美苏[ENTITY]期间发生了什么重大事件？,None
书籍《[ENTITY]》定价多少？,None
"被称为""法鲨""的[ENTITY]毕业于哪所院校？",None
"""[ENTITY]""是谁提出的？",None
白居易的那首《[ENTITY]》一共有多少字？,None
[ENTITY]旗下都有哪些艺人？,None
[ENTITY]的最高温度是？,None
电影《[ENTITY]》是制片成本是多少？,None
有多少[ENTITY]是雌性的，多少是雄性的？,None
[ENTITY]的中国区总部在哪？,None
[ENTITY]最常在哪个季节穿？,None
[ENTITY]在位时的年号是什么？,None
品牌[ENTITY]主要卖什么食品？,None
[ENTITY]的开山鼻祖是谁？,None
[ENTITY]中创建了什么报纸？,None
[ENTITY]出生时间是哪一年？,None
[ENTITY]被谁吃了？,None
[ENTITY]英年早逝，那么他是什么时候去世的？,None
请问什么叫做[ENTITY]？,None
海贼里[ENTITY]都有谁？,None
古[ENTITY]帝国的人口有多少？,None
歌曲《[ENTITY]》的时长是多少？,None
[ENTITY]是哪几部电视剧的制片人？,None
[ENTITY]是哪个国家的国花？,None
[ENTITY]是用什么东西做的？,None
"""[ENTITY]""高校有哪些？",None
电影《[ENTITY]》是由哪个电影公司出品的？,None
你知道[ENTITY]属于什么植物纲吗？,None
一[ENTITY]有多少天？,None
[ENTITY]的人口数量是多少？,None
[ENTITY]起源于什么地方？,None
[ENTITY]占地面积多大？,None
[ENTITY]的主场馆是？,None
输入:[ENTITY]的儿子是谁？,None
为什么要庆祝[ENTITY]？,None
[ENTITY]是什么属性的小精灵？,None
"哪位明星的粉丝叫""[ENTITY]""？",None
书籍《[ENTITY]》的价格是多少？,None
清朝词人[ENTITY]是哪个民族的人？,None
[ENTITY]校歌是？,None
[ENTITY]有哪些大学？,None
[ENTITY]的内容分为哪三个部分？,None
[ENTITY]节起源于哪里？,None
"""[ENTITY]""是什么体育项目联赛的年度冠军赛？",None
"""[ENTITY]""指的是什么？",None
[ENTITY]毕业于哪个大学？,None
[ENTITY]的政治元老是谁？,None
被誉为[ENTITY]的是哪个国家？,None
[ENTITY]的终点是哪里？,None
[ENTITY]在哪场战役中走向覆灭？,None
[ENTITY]的水域率是多少？,None
《[ENTITY]》是谁的诗？,None
[ENTITY]中有些人物？,None
[ENTITY]时期的政治体制是？,None
[ENTITY]的市花是什么？,None
《[ENTITY]》是一部非常经典、脍炙人口的作品，请问它出自哪里？,None
[ENTITY]是哪个国家发明的？,None
要多少步才能让一只蛋孵化成[ENTITY]？,None
杨红樱什么时候创作的[ENTITY]？,None
[ENTITY]有哪几种颜色？,None
[ENTITY]是谁创造的？,None
[ENTITY]的口号是什么？,None
大[ENTITY]建立了哪个朝代？,None
[ENTITY]的主要学府有哪些？,None
[ENTITY]在哪个省份？,None
海贼王动画里[ENTITY]的声优是谁？,None
[ENTITY]的气候条件是怎样的？,None
[ENTITY]的中文学名？,None
[ENTITY]的通胀率是多少？,None
[ENTITY]公司的经营范围有哪些？,None
在金庸小说《天龙八部》中，[ENTITY]的修习者是谁？,None
[ENTITY]是哪个门派的？,None
[ENTITY]的国家领导人是谁？,None
[ENTITY]的发展定位是什么,None
[ENTITY]是哪两个人之间发生的故事？,None
[ENTITY]利用了哪方面的物理学原理？,None
[ENTITY]在哪一天去世？,None
电影[ENTITY]的语言是？,None
"民国有四个男人英俊潇洒，被称为""[ENTITY]""，他们是谁？",None
[ENTITY]有着怎样的历史地位？,None
你知道[ENTITY]又叫做什么吗？,None
[ENTITY]有什么值得参观的馆藏？,None
[ENTITY]的中文名是什么？,None
你知道[ENTITY]的熔点吗？,None
大漠英雄传中[ENTITY]的妻子是谁？,None
[ENTITY]流经的面积有多大？,None
[ENTITY]原名是什么？,None
《[ENTITY]》系列电影的发行公司是哪个？,None
[ENTITY]是什么颜色的？,None
[ENTITY]e大约是多少？,None
谁建立了[ENTITY]？,None
[ENTITY]有多大？,None
小说《[ENTITY]》连载于哪个网站？,None
阿里巴巴创始人[ENTITY]是什么血型呀？,None
[ENTITY]瀑布位于哪个省市？,None
[ENTITY]居住在哪里？,None
[ENTITY]有多少颗卫星？,None
[ENTITY]的面积有多大？,None
[ENTITY]是谁发起的？,None
[ENTITY]的地址是哪里,None
[ENTITY]市的市花是什么？,None
[ENTITY]这个故事发生在哪个年代？,None
书籍《[ENTITY]》是什么体裁？,None
海贼王里[ENTITY]的梦想是什么？,None
[ENTITY]的光学原理是什么？,None
[ENTITY]在哪一天校庆？,None
[ENTITY]来自哪个神话体系？,None
[ENTITY]是哪部作品中的人物？,None
[ENTITY]都有哪些习俗？,None
[ENTITY]有哪些火车站？,None
《[ENTITY]》是谁的传世之作？,None
"""[ENTITY]""都有哪些？",None
[ENTITY]是哪个系列的游戏？,None
[ENTITY]创建于什么时候？,None
[ENTITY]国花是什么？,None
[ENTITY]是哪一年过世的？,None
[ENTITY]从外表看上去是什么样子的？,None
[ENTITY]用英文怎么说？,None
[ENTITY]太好看了，听说它还获得了电视剧金奖，我想刷完整部剧，你知道它每集有多长吗？,None
[ENTITY]的谥号是什么？,None
[ENTITY]的发源地是哪里？,None
[ENTITY]是在哪一年解体的？,None
什么叫[ENTITY]？,None
[ENTITY]种植在哪些区域？,None
[ENTITY]时期三个国家以及各自的面积？,None
[ENTITY]的港口是什么？,None
白居易的那首《[ENTITY]》一共有多少字？,None
[ENTITY]是什么时候发明的？,None
[ENTITY]是哪个城市的？,None
[ENTITY]的国土面积是多少？,None
你知道我们所在的[ENTITY]的质量吗？,None
[ENTITY]有哪些世界之最的美誉？,None
中国大陆[ENTITY]，男生不得早于多少岁？,None
[ENTITY]的电话区号是多少？,None
曾为世界最高的[ENTITY]位于哪一个国家？,None
[ENTITY]七雄是指哪七个国家？,None
[ENTITY]是哪部作品里的角色？,None
[ENTITY]的主要民族？,None
[ENTITY]先生是一个什么性格的人？,None
[ENTITY]朝在谁的手上走向灭亡？,None
我国的[ENTITY]是什么？,None
[ENTITY]的国际区号是什么？,None
[ENTITY]有多少个博士点？,None
[ENTITY]是哪个国家的？,None
[ENTITY]主要依靠什么思想治国?？,None
[ENTITY]是怎样的建筑风格？,None
在金庸小说《天龙八部》中，谁练成了[ENTITY]？,None
我特别喜欢看[ENTITY]，你记得它第一次播出是什么时候吗？,None
[ENTITY]是哪个游戏里的角色？,None
海贼王里[ENTITY]怕什么？,None
电视剧《[ENTITY]》是何时上映的？,None
[ENTITY]开始的标志是什么？,None
[ENTITY]实在什么时候开始的？,None
[ENTITY]的妻子是谁？,None
[ENTITY]是什么星座的？,None
[ENTITY]是哪一年发明的？,None
[ENTITY]用什么原料酿造？,None
[ENTITY]是什么项目的运动员？,None
[ENTITY]是哪个省的省会城市？,None
在[ENTITY]人们主要信仰什么教？,None
[ENTITY]的校庆日？,None
[ENTITY]市的电话区号是多少？,None
"成语""[ENTITY]""形容的是哪位美女的美貌？",None
你知道《[ENTITY]》是在哪儿拍的吗，这部剧太经典了？,None
流经[ENTITY]境内的河流？,None
歌曲[ENTITY]的原唱是谁？,None
一天喝多少[ENTITY]最合适呀？,None
[ENTITY]这种植物多分布于哪？,None
电脑游戏《[ENTITY]》的制作商是谁？,None
你知道[ENTITY]的密度吗？,None
[ENTITY]的代表作？,None
[ENTITY]是在哪个部位起作用的？,None
"""[ENTITY]""这句话来源于哪首诗？",None
[ENTITY]有哪些学术传统？,None
书籍<[ENTITY]>的价格是多少？,None
"""[ENTITY]""发生于哪个时代？",None
[ENTITY]的创建者是？,None
[ENTITY]公司有什么软件产品？,None
北京[ENTITY]的建筑面积？,None
请问有多少人居住在[ENTITY]？,None
小明想去[ENTITY]玩，你能为他推荐几个景点吗？,None
长江[ENTITY]是指哪[ENTITY]？,None
[ENTITY]竞争对手是？,None
[ENTITY]是哪一年开始服役的？,None
[ENTITY]全名叫什么？,None
[ENTITY]的发展目标是？,None
[ENTITY]的成分？,None
[ENTITY]的经纪公司是哪一个？,None
[ENTITY]能溶解吗？,None
[ENTITY]在哪里？,None
[ENTITY]中最亮的星星是那颗？,None
[ENTITY]一共有多少集呀？,None
[ENTITY]星和地球距离是多少？,None
在哪个网站能看动画片[ENTITY]？,None
[ENTITY]又称惯性定律，你能告诉我它的表达式吗？,None
[ENTITY]的双名法命名？,None
[ENTITY]的地址是哪里？,None
[ENTITY]有哪些症状？,None
电视剧《[ENTITY]》是何时上映的？,None
[ENTITY]和七个小矮人的故事最早在哪个国家出版？,None
海贼里[ENTITY]凯多在漫画、动画里第一次正式出现是什么时候？,None
[ENTITY]的气候条件是怎样的？,None
[ENTITY]学派的代表人物有哪些？,None
[ENTITY]是什么体裁的作品？,None
土豆的[ENTITY]写了多少字？,None
[ENTITY]的英文名是什么？,None
[ENTITY]是什么血型？,None
花样滑冰双人滑选手[ENTITY]的舞伴是？,None
[ENTITY]使用什么货币？,None
有哪些地方的法律沿用[ENTITY]？,None
书籍《[ENTITY]》是由哪个出版社出版的？,None
[ENTITY]的发生分为哪几个过程？,None
[ENTITY]的占地多少？,None
电影《[ENTITY]》是在哪个国家拍摄的？,None
香港[ENTITY]是指哪四个人？,None
有哪些地方的法律沿用[ENTITY]？,None
[ENTITY]类属于哪个目？,None
[ENTITY]是什么时候上映的？,None
[ENTITY]的主要分布在哪？,None
[ENTITY]加入了哪些组织？,None
电影《[ENTITY]》是何时上映的？,None
[ENTITY]位于哪个区？,None
[ENTITY]有哪些主要作品？,None
[ENTITY]的口号是什么？,None
"""[ENTITY]""具体指什么内容？",None
[ENTITY]有多少资产？,None
[ENTITY]是哪个朝代的科技？,None
[ENTITY]的拉丁学名是什么？,None
[ENTITY]演奏有哪些流派？,None
[ENTITY]是属什么的？,None
位于湖南的[ENTITY]推荐玩多久啊？,None
[ENTITY]的母公司是哪家公司？,None
[ENTITY]毕业于哪里？,None
电影[ENTITY]的拍摄地点有？,None
[ENTITY]有什么作用？,None
[ENTITY]的去世时间是什么？,None
[ENTITY]的拉丁学名是什么？,None
电视剧《[ENTITY]》是哪个国家制作的？,None
[ENTITY]在什么时间去世的？,None
[ENTITY]属于哪个群体？,None
[ENTITY]的人均消费是多少？,None
暗夜女神[ENTITY]出自哪个神话体系？,None
西班牙城市[ENTITY]的外文名称是？,None
[ENTITY]的气候是什么类型？,None
[ENTITY]的时间有什么规律？,None
[ENTITY]的优点是什么？,None
[ENTITY]的英文名是什么？,None
在金庸小说《天龙八部》中，[ENTITY]的父亲是谁？,None
告诉我[ENTITY]的性别比例？,None
古时候的一个[ENTITY]在现在是多长时间？,None
在金庸小说《天龙八部》中，[ENTITY]的情妇都有谁？,None
制作[ENTITY]需要哪些原材料啊？,None
[ENTITY]都有哪些风俗活动？,None
请问[ENTITY]的主要作品有哪些？,None
你知道[ENTITY]的配方吗？,None
[ENTITY]的主要成员有哪些？,None
[ENTITY]的著名哲学主张是？,None
足球运动员[ENTITY]惯用哪支脚？,None
[ENTITY]媳妇是谁？,None
[ENTITY]是中国著名的篮球运动员，那么[ENTITY]研究生就读于哪所大学？,None
[ENTITY]何时建造？,None
[ENTITY]在哪一年产生？,None
动漫形象[ENTITY]出自于哪部作品？,None
[ENTITY]地处哪座城市？,None
[ENTITY]的最高海拔为多少？,None
王菲的《[ENTITY]》收录在哪张专辑？,None
[ENTITY]的人口有多少？,None
[ENTITY]是哪个地方的小吃？,None
[ENTITY]有什么样的象征意义？,None
网络剧《[ENTITY]》在那个网站平台上播出？,None
海贼里[ENTITY]率领着哪个海贼团纵横新世界？,None
《[ENTITY]》有多少页？,None
[ENTITY]在哪里毕业的？,None
请问[ENTITY]分布在哪些区域？,None
[ENTITY]是柳树的哪一个器官？,None
[ENTITY]是何时提出的？,None
电视剧《[ENTITY]》在哪里拍摄？,None
[ENTITY]名下有哪个个人基金？,None
[ENTITY]的知名校友？,None
[ENTITY]原名是什么？,None
电影《[ENTITY]》的票房是多少？,None
澳大利亚的[ENTITY]有什么著名景点？,None
《[ENTITY]》是何时开始施行的？,None
有什么[ENTITY]方面的著作？,None
唐代女诗人[ENTITY]于哪年去世？,None
[ENTITY]的英文全名是什么？,None
[ENTITY]的地址是哪里？,None
"荀子主张""人性本恶""，那你知道[ENTITY]是谁提出的吗？",None
歌手[ENTITY]毕业于？,None
[ENTITY]校庆日也是一个非常重要的节日，是哪一天？,None
[ENTITY]的老公是谁？,None
[ENTITY]是指多少个？,None
哪些地方以[ENTITY]作为官方语言？,None
给我推荐一些[ENTITY]游戏？,None
现存的[ENTITY]有哪些？,None
[ENTITY]分别是谁？,None
[ENTITY]的传播媒介是？,None
罗马神话中的[ENTITY]是谁的儿子？,None
[ENTITY]的是哪位女花滑运动员？,None
中国[ENTITY]的起止点一般是指？,None
当年都有谁教过体操王子[ENTITY]？,None
[ENTITY]使用多大口径的子弹？,None
[ENTITY]的地址是哪里？,None
[ENTITY]的本名是什么？,None
[ENTITY]是什么时候开始兴起的？,None
[ENTITY]校歌是？,None
白垩纪时[ENTITY]曾分布在哪些地方？,None
[ENTITY]原产地在哪里？,None
[ENTITY]现在效力哪只球队？,None
[ENTITY]是熊还是猫？,None
[ENTITY]的天敌是什么？,None
[ENTITY]翻译过哪些作品？,None
[ENTITY]是哪一年建立的？,None
[ENTITY]的主要国家有哪些？,None
你知道[ENTITY]的类别吗？,None
[ENTITY]的出品人是谁？,None
[ENTITY]有多少集？,None
[ENTITY]人主要是什么民族？,None
[ENTITY]的选官制度？,None
[ENTITY]是一所什么类型的学校？,None
[ENTITY]五大常任理事国有哪些？,None
在个人准则层面，我们应该如何践行社会主义[ENTITY]？,None
[ENTITY]的海拔？,None
[ENTITY]研发的软件都有哪些？,None
哪些动物属于[ENTITY]？,None
[ENTITY]的葡萄酒有什么特点？,None
"男朋友跟我说他感到""[ENTITY]""，他到底是什么意思？",None
由史蒂芬·乔布斯创立的[ENTITY]公司的理念与口号是什么？,None
化妆品牌[ENTITY]出自哪国？,None
[ENTITY]的国际机场有哪些？,None
[ENTITY]的结果？,None
[ENTITY]的学院有哪些？,None
[ENTITY]CEO是谁？,None
[ENTITY]主营产品有？,P1056
以[ENTITY]为主营业务的上市公司有？,P1056
[ENTITY]的主营业务包括什么？,P1056
[ENTITY]的主营产品？,P1056
[ENTITY]的主营业务是什么？,P1056
[ENTITY]主营产品？,P1056
以[ENTITY]为主营产品的公司有？,P1056
[ENTITY]的创始人是谁？,P112
民国[ENTITY]创立了什么党派？,P112
谁创立了[ENTITY]？,P112
[ENTITY]创立了什么品牌？,P112
民国[ENTITY]创立了什么党派？,P112
[ENTITY]公司的创始人有哪些？,P112
[ENTITY]的创始人是谁？,P112
[ENTITY]的创始人是谁？,P112
[ENTITY]的创始人？,P112
[ENTITY]的创始人是谁？,P112
[ENTITY]创立了什么品牌？,P112
[ENTITY]的创始人是谁？,P112
说相声的[ENTITY]是由谁创办的？,P112
[ENTITY]有多少员工？,P1128
[ENTITY]有多少员工？,P1128
[ENTITY]公司有多少员工？,P1128
[ENTITY]有多少名员工？,P1128
[ENTITY]公司有多少员工？,P1128
[ENTITY]一共有多少员工？,P1128
[ENTITY]有多少员工？,P1128
[ENTITY]公司有多少员工？,P1128
请问[ENTITY]有多少员工？,P1128
请问[ENTITY]有多少员工？,P1128
[ENTITY]有多少员工？,P1128
[ENTITY]有多少名员工？,P1128
[ENTITY]一共有多少员工？,P1128
[ENTITY]公司有多少员工？,P1128
[ENTITY]公司有多少员工？,P1128
[ENTITY]是哪些上市公司的股东？,P127
[ENTITY]的股东？,P127
[ENTITY]的股东有？,P127
[ENTITY]的总部在？,P159
[ENTITY]公司总部在哪？,P159
[ENTITY]公司的总部在哪里？,P159
手表品牌[ENTITY]的总部设在哪个国家？,P159
[ENTITY]公司的总部在哪里？,P159
[ENTITY]公司的总部在哪里？,P159
[ENTITY]是哪个国家的公司？,P159
[ENTITY]的总部在？,P159
[ENTITY]是哪个国家的公司？,P159
[ENTITY]公司的总部在哪里？,P159
[ENTITY]的总部在哪？,P159
[ENTITY]的总部在哪？,P159
手表品牌[ENTITY]的总部设在哪个国家？,P159
[ENTITY]的主演都有哪些人？,P161
你知道[ENTITY]都演过什么剧吗？,P161
都有哪些演员演过[ENTITY]？,P161
[ENTITY]的主演都有哪些人？,P161
青年演员[ENTITY]有哪些作品？,P161
[ENTITY]的主演是谁？,P161
动画电影《[ENTITY]》的主要演员？,P161
经典的音乐剧《[ENTITY]》的主演是谁？,P161
青年演员[ENTITY]有哪些作品？,P161
《[ENTITY]》是近几年一部火爆全球的情景喜剧，里面的主要演员都有谁？,P161
给出[ENTITY]中的四位女主姓名？,P161
给出[ENTITY]中的四位女主姓名？,P161
你知道[ENTITY]都演过什么剧吗？,P161
[ENTITY]是主演的全部片子？,P161
[ENTITY]主演过什么电影？,P161
电影《[ENTITY]》的主要演员？,P161
《[ENTITY]》是近几年一部火爆全球的情景喜剧，里面的主要演员都有谁？,P161
音乐剧[ENTITY]的主要演员？,P161
动画电影《[ENTITY]》的主要演员？,P161
音乐剧[ENTITY]的主要演员？,P161
[ENTITY]是主演的全部片子？,P161
都有哪些演员演过[ENTITY]？,P161
电影《[ENTITY]》的主要演员？,P161
[ENTITY]皇帝在位期间的主要成就？,P166
[ENTITY]的主要奖项有哪些？,P166
[ENTITY]的功绩有什么？,P166
[ENTITY]先生最突出的成就是什么？,P166
[ENTITY]的主要成就是什么？,P166
"谁是”[ENTITY]""？",P166
[ENTITY]的主要成就是什么？,P166
[ENTITY]在位时做过什么让他名留青史？,P166
[ENTITY]获得过哪些主要奖项？,P166
[ENTITY]的主要成就是什么？,P166
[ENTITY]是谁？,P166
[ENTITY]得过哪些奖？,P166
[ENTITY]的主要奖项有哪些,P166
[ENTITY]参与设计了哪些品牌？,P166
[ENTITY]是谁？,P166
[ENTITY]获得过哪些主要奖项？,P166
[ENTITY]至今为止获得过的主要奖项有哪些？,P166
时尚界著名的[ENTITY]留下了哪些不朽的成就？,P166
[ENTITY]的主要成就是什么？,P166
[ENTITY]的主要成就有哪些？,P166
[ENTITY]的主要奖项有哪些,P166
[ENTITY]有什么著名成就？,P166
[ENTITY]的主要成就是什么？,P166
电影《[ENTITY]》得过什么奖？,P166
[ENTITY]得过哪些奖？,P166
[ENTITY]得过哪些奖？,P166
[ENTITY]至今为止获得过的主要奖项有哪些？,P166
[ENTITY]的主要奖项有哪些,P166
[ENTITY]的主要奖项有哪些？,P166
[ENTITY]的主要成就是什么？,P166
谁发动[ENTITY]？,P166
电影[ENTITY]都获得过哪些荣誉？,P166
[ENTITY]在位时做过什么让他名留青史？,P166
[ENTITY]的主要成就是什么？,P166
[ENTITY]是谁？,P166
"谁是""[ENTITY]""？",P166
[ENTITY]的主要成就是什么？,P166
谁首次实现了中国的[ENTITY]？,P166
[ENTITY]是谁？,P166
[ENTITY]的香港演员是谁？,P166
谁首次实现了中国的[ENTITY]？,P166
[ENTITY]的主要奖项有哪些,P166
[ENTITY]的主要奖项有哪些？,P166
[ENTITY]的主要奖项有哪些,P166
[ENTITY]的主要成就有哪些？,P166
[ENTITY]先生最突出的成就是什么？,P166
[ENTITY]的功绩有什么？,P166
[ENTITY]的主要奖项有哪些？,P166
[ENTITY]的主要奖项有哪些,P166
电影[ENTITY]都获得过哪些荣誉？,P166
[ENTITY]公司的现任CEO是谁？,P169
[ENTITY]公司的现任CEO是谁？,P169
能告诉我[ENTITY]公司的首席执行官吗？,P169
[ENTITY]公司的现任CEO是谁？,P169
能告诉我[ENTITY]公司的首席执行官吗？,P169
别名[ENTITY]的是哪位元帅？,P1787
[ENTITY]的原名和字号是什么？,P1787
[ENTITY]点被称为什么底？,P1787
[ENTITY]别名有？,P1787
我国山西省[ENTITY]市又称为？,P1787
[ENTITY]的别名是什么？,P1787
演员[ENTITY]的本名叫什么？,P1787
[ENTITY]的别名是什么？,P1787
饮品[ENTITY]又叫什么？,P1787
[ENTITY]的别名是什么？,P1787
"""烟花三月下[ENTITY]""中的[ENTITY]市又称为？",P1787
[ENTITY]有个绰号叫什么来着？,P1787
外号叫[ENTITY]的是哪位乒乓球运动员？,P1787
"""烟花三月下[ENTITY]""中的[ENTITY]市又称为？",P1787
演员[ENTITY]的本名叫什么？,P1787
[ENTITY]的别名是什么？,P1787
[ENTITY]的别名是什么？,P1787
[ENTITY]有个绰号叫什么来着？,P1787
外号叫[ENTITY]的是哪位乒乓球运动员？,P1787
[ENTITY]的笔名有哪些？,P1787
"被誉为""[ENTITY]""的是哪个地方？",P1787
[ENTITY]有哪些别名？,P1787
[ENTITY]的别名有哪些？,P1787
欧洲国家[ENTITY]的别称是什么？,P1787
[ENTITY]的笔名有哪些？,P1787
大家一般怎么称呼演员[ENTITY]？,P1787
[ENTITY]的原名和字号是什么？,P1787
饮品[ENTITY]又叫什么？,P1787
我国山西省[ENTITY]市又称为？,P1787
"被誉为""[ENTITY]""的是哪个地方？",P1787
[ENTITY]的别名是什么？,P1787
"""[ENTITY]""是谁？",P1787
[ENTITY]又被叫做什么？,P1787
"""[ENTITY]""是谁的别称？",P1787
"""[ENTITY]""是谁的别称？",P1787
[ENTITY]有哪些别名？,P1787
"被誉为""[ENTITY]""的江西省地级市是？",P1787
别名[ENTITY]的是哪位元帅？,P1787
[ENTITY]在哪出生的？,P19
海贼王里[ENTITY]老家在哪里？,P19
[ENTITY]在哪出生的？,P19
作家[ENTITY]是哪里人呢？,P19
作家[ENTITY]是哪里人呢？,P19
历史上的[ENTITY]是哪里人？,P19
[ENTITY]是哪里人？,P19
打球的[ENTITY]是哪里人？,P19
打球的[ENTITY]是哪里人？,P19
英国探险家[ENTITY]出生地是哪里？,P19
歌手[ENTITY]是在中国的哪个地方出生的？,P19
哲学家[ENTITY]在哪里出生？,P19
书画家[ENTITY]在哪里出生？,P19
[ENTITY]是哪里人？,P19
蘑菇街的公仔[ENTITY]出生在什么地方？,P19
哲学家[ENTITY]出生在哪里？,P19
书画家[ENTITY]在哪里出生？,P19
英国探险家[ENTITY]出生地是哪里？,P19
海贼王里[ENTITY]老家在哪里？,P19
演员[ENTITY]身高是多少？,P2048
歌手[ENTITY]的身高？,P2048
主持人[ENTITY]多高？,P2048
演员[ENTITY]有多高？,P2048
[ENTITY]的身高是？,P2048
[ENTITY]多高？,P2048
演员[ENTITY]有多高？,P2048
《地下城与勇士》中[ENTITY]大概多高？,P2048
[ENTITY]多高？,P2048
《地下城与勇士》中[ENTITY]大概多高？,P2048
歌手及演员[ENTITY]有多高？,P2048
歌手[ENTITY]的身高？,P2048
名模[ENTITY]的身高？,P2048
演员[ENTITY]身高是多少？,P2048
演员[ENTITY]有多高？,P2048
主持人[ENTITY]多高？,P2048
成立于1946的[ENTITY]年销售额是多少？,P2139
成立于1946的[ENTITY]年销售额是多少？,P2139
[ENTITY]市值？,P2226
[ENTITY]的截止到2019年3月12日的市值是多少？,P2226
[ENTITY]的总市值是多少？,P2226
[ENTITY]的市值是多少？,P2226
[ENTITY]的总市值是多少？,P2226
[ENTITY]的总市值？,P2226
[ENTITY]是哪个帝国的皇帝？,P27
诗人[ENTITY]是哪个时代的人？,P27
[ENTITY]是哪国人？,P27
[ENTITY]是哪个国家的统治者？,P27
[ENTITY]是什么时代的人物？,P27
[ENTITY]的国籍是哪里？,P27
[ENTITY]生活在哪个朝代？,P27
[ENTITY]是哪个朝代的人？,P27
[ENTITY]是哪个朝代的人？,P27
"""诗鬼""[ENTITY]是什么朝代的人？",P27
[ENTITY]是哪个国家的？,P27
[ENTITY]的国籍是哪里？,P27
[ENTITY]是什么时代的人物？,P27
[ENTITY]是哪个国家的人？,P27
[ENTITY]是哪国人？,P27
[ENTITY]是哪国的戏剧家？,P27
[ENTITY]是哪个朝代的人？,P27
[ENTITY]是哪国人？,P27
[ENTITY]是哪国人？,P27
[ENTITY]是哪个国家的人？,P27
[ENTITY]是哪个国家的人？,P27
[ENTITY]是哪个国家的？,P27
[ENTITY]是哪个帝国的皇帝？,P27
[ENTITY]是哪个国家的统治者？,P27
[ENTITY]是哪个国家的人？,P27
[ENTITY]生活在哪个朝代？,P27
导演[ENTITY]是哪个国家的？,P27
导演[ENTITY]是哪个国家的？,P27
[ENTITY]是哪个朝代的人？,P27
“诗鬼”[ENTITY]是什么朝代的人？,P27
诗人[ENTITY]是哪个时代的人？,P27
给我一些[ENTITY]电影。,P279
上市公司发布的[ENTITY]都有哪些类型？,P279
57哪些动画或漫画描绘了[ENTITY]们的故事？,P279
[ENTITY]属于哪个菜系？,P279
[ENTITY]是什么器材？,P279
[ENTITY]属于哪个菜系？,P279
[ENTITY]是哪里菜？,P279
给我一些[ENTITY]电影。,P279
[ENTITY]属于哪个菜系？,P279
[ENTITY]是什么类型的酒？,P279
《[ENTITY]》是什么书？,P279
电影《[ENTITY]》是一部什么类型的电影？,P279
[ENTITY]是哪类乐器？,P279
[ENTITY]的主要内容是什么？,P279
[ENTITY]是什么菜系的菜？,P279
[ENTITY]是什么菜系的菜？,P279
[ENTITY]是什么类型的酒？,P279
[ENTITY]类型有哪些？,P279
57哪些动画或漫画描绘了[ENTITY]们的故事？,P279
[ENTITY]是什么器材？,P279
[ENTITY]属于哪个菜系？,P279
[ENTITY]有哪些类型？,P279
[ENTITY]的类型有哪些？,P279
[ENTITY]的分类？,P279
[ENTITY]的分类？,P279
[ENTITY]的主要内容是什么？,P279
电影《[ENTITY]》是一部什么类型的电影？,P279
[ENTITY]是哪类乐器？,P279
[ENTITY]是哪里菜？,P279
[ENTITY]的分类有哪些？,P279
[ENTITY]的首都是哪里？,P36
[ENTITY]的首都是哪里？,P36
[ENTITY]的首都是？,P36
[ENTITY]是哪个国家的首都？,P36
你知道[ENTITY]的首都是哪里吗？,P36
[ENTITY]的首都是哪里？,P36
[ENTITY]的首都是哪里？,P36
你知道[ENTITY]的首都是哪里吗？,P36
你知道[ENTITY]的首都是哪里吗？,P36
[ENTITY]的首都是什么地方？,P36
[ENTITY]的首都是什么地方？,P36
[ENTITY]的首都是哪里？,P36
你知道[ENTITY]的首都是哪里吗？,P36
[ENTITY]是哪个国家的首都？,P36
[ENTITY]的首都是？,P36
[ENTITY]的首都是哪里？,P36
[ENTITY]是哪个国家的首都？,P36
[ENTITY]是哪个国家的首都？,P36
[ENTITY]在哪里上市的,P414
[ENTITY]在哪里的上市的？,P414
[ENTITY]银行在哪里上市的,P414
[ENTITY]在哪里上市的？,P414
[ENTITY]在哪上市的,P414
[ENTITY]在哪里上市的？,P414
[ENTITY]上市地点？,P414
[ENTITY]的现任校长是谁？,P488
[ENTITY]的现任校长是谁？,P488
[ENTITY]的现任校长是谁？,P488
[ENTITY]的现任校长是谁,P488
[ENTITY]的现任校长是谁？,P488
[ENTITY]的现任校长是谁,P488
[ENTITY]的现任校长是谁？,P488
[ENTITY]的现任校长是谁？,P488
[ENTITY]的现任校长是谁？,P488
[ENTITY]的现任校长是谁？,P488
[ENTITY]的现任校长是谁？,P488
[ENTITY]的现任校长是谁？,P488
[ENTITY]现任哪所大学的校长？,P488
[ENTITY]的现任校长是谁？,P488
[ENTITY]的校长是谁？,P488
[ENTITY]的现任校长是谁？,P488
[ENTITY]现任校长是谁？,P488
[ENTITY]的现任校长是谁？,P488
[ENTITY]的现任校长是谁,P488
[ENTITY]的现任校长是谁？,P488
现任[ENTITY]主席是谁？,P488
[ENTITY]的董事长是谁？,P488
[ENTITY]的董事长是谁？,P488
[ENTITY]俱乐部的现任主席是谁？,P488
[ENTITY]现任哪所大学的校长？,P488
历任中国[ENTITY]主席？,P488
[ENTITY]的现任校长是谁？,P488
[ENTITY]的主席是谁,P488
[ENTITY]的董事长？,P488
[ENTITY]的现任校长是谁？,P488
[ENTITY]的主席是谁,P488
[ENTITY]的校长是谁？,P488
[ENTITY]的现任校长是谁,P488
[ENTITY]的现任校长是谁？,P488
[ENTITY]的现任校长是谁？,P488
[ENTITY]的现任校长是谁,P488
[ENTITY]的现任校长是谁？,P488
[ENTITY]董事长是谁？,P488
[ENTITY]董事长是谁？,P488
[ENTITY]董事长是谁,P488
[ENTITY]主席是谁,P488
[ENTITY]的董事长是谁？,P488
[ENTITY]的董事长是谁?,P488
[ENTITY]的现任校长是谁？,P488
[ENTITY]的现任校长是谁？,P488
[ENTITY]董事长是谁?,P488
[ENTITY]的董事长?,P488
[ENTITY]的现任校长是谁,P488
[ENTITY]的董事长?,P488
[ENTITY]的现任校长是谁？,P488
[ENTITY]现任校长是谁？,P488
史诗《[ENTITY]》的作者是谁？,P50
《[ENTITY]》是谁写的？,P50
书籍《[ENTITY]》的作者是谁？,P50
是谁写了[ENTITY]这部作品？,P50
[ENTITY]是谁写的？,P50
书籍《[ENTITY]》的作者是谁？,P50
小说[ENTITY]的作者是谁？,P50
《[ENTITY]》是谁写的？,P50
《[ENTITY]》的作者是谁？,P50
《[ENTITY]》是谁写的？,P50
《[ENTITY]》的作者是谁？,P50
书籍《[ENTITY]》的作者是谁？,P50
《[ENTITY]》是哪位漫画师的作品？,P50
《[ENTITY]》的作者是谁？,P50
我超级喜欢《[ENTITY]》这本书的，你知道谁写的吗？,P50
《[ENTITY]》的作者是谁？,P50
"""[ENTITY]""是谁说过的话？",P50
史诗《[ENTITY]》的作者是谁？,P50
"""[ENTITY]""是谁说过的话？",P50
《[ENTITY]》是哪位漫画师的作品？,P50
[ENTITY]的作者？,P50
小说《[ENTITY]》的作者是谁？,P50
《[ENTITY]》的作者是谁？,P50
[ENTITY]的作者？,P50
[ENTITY]是谁写的？,P50
我超级喜欢《[ENTITY]》这本书的，你知道谁写的吗？,P50
《[ENTITY]》的作者是谁？,P50
小说[ENTITY]的作者是谁？,P50
[ENTITY]的作品有哪些？,P50
小说《[ENTITY]》的作者是？,P50
《[ENTITY]》是谁的作品？,P50
[ENTITY]一书的作者是？,P50
《[ENTITY]》的作者是谁？,P50
《[ENTITY]》是谁的作品？,P50
《[ENTITY]》的作者是谁？,P50
《[ENTITY]》的作者是谁？,P50
书籍《[ENTITY]》的作者是谁？,P50
"""[ENTITY]""是谁的主张？",P50
[ENTITY]的作品有哪些？,P50
《[ENTITY]》的作者是谁？,P50
《[ENTITY]》是谁写的？,P50
"是谁提出了""[ENTITY]""？",P50
"""[ENTITY]""的作者是谁？",P50
小说《[ENTITY]》的作者是谁？,P50
[ENTITY]是谁的作品？,P50
《[ENTITY]》是谁的作品？,P50
我想知道演员[ENTITY]的生日？,P569
[ENTITY]什么时候出生的？,P569
香港词人[ENTITY]出生于哪一年？,P569
[ENTITY]什么时候出生的？,P569
[ENTITY]何时出生？,P569
我想知道演员[ENTITY]的生日？,P569
[ENTITY]的生日？,P569
[ENTITY]的出生日期是什么？,P569
[ENTITY]的出生日期是什么？,P569
[ENTITY]的生日是什么时候？,P569
[ENTITY]的生日？,P569
[ENTITY]何时出生？,P569
演员[ENTITY]出生在什么时候？,P569
[ENTITY]出生于哪一年？,P569
[ENTITY]的生日是什么时候？,P569
94版《[ENTITY]》是由哪些人共同导演的？,P57
给出所有[ENTITY]导演的电影？,P57
给出所有[ENTITY]导演的电影？,P57
电影《[ENTITY]》是由谁导演的？,P57
[ENTITY]导演的电影有哪些？,P57
英国导演[ENTITY]的电影？,P57
新版《[ENTITY]》的导演是谁？,P57
电影《[ENTITY]》的导演是谁？,P57
英国导演[ENTITY]的电影？,P57
94版《[ENTITY]》是由哪些人共同导演的？,P57
[ENTITY]导演的电影有哪些？,P57
新版《[ENTITY]》的导演是谁？,P57
电影《[ENTITY]》的导演是谁？,P57
电影[ENTITY]的导演是谁？,P57
电影《[ENTITY]》的导演是谁？,P57
《[ENTITY]之恋》是谁拍的？,P57
电影《[ENTITY]》的导演是谁？,P57
电影[ENTITY]的导演是谁？,P57
第一部《[ENTITY]》的导演是谁？,P57
第一部《[ENTITY]》的导演是谁？,P57
《[ENTITY]之恋》是谁拍的？,P57
品牌[ENTITY]创办于哪一年？,P571
[ENTITY]公司成立于哪一年？,P571
[ENTITY]公司的成立时间是哪一年？,P571
[ENTITY]是在哪一年出现的？,P571
[ENTITY]公司成立于哪一天？,P571
[ENTITY]何时成立？,P571
[ENTITY]成立时间,P571
[ENTITY]啥时候创立的呀？,P571
[ENTITY]公司成立于哪一年？,P571
[ENTITY]是哪年成立的,P571
[ENTITY]的成立时间？,P571
[ENTITY]啥时候创立的呀？,P571
[ENTITY]的成立时间？,P571
[ENTITY]何时成立？,P571
[ENTITY]是在哪一年出现的？,P571
[ENTITY]公司的成立时间是哪一年？,P571
[ENTITY]成立日期？,P571
品牌[ENTITY]成立于哪一年？,P571
[ENTITY]银行哪一年成立的,P571
[ENTITY]是在哪一年建立的？,P571
[ENTITY]什么时候成立的,P571
[ENTITY]成立时间？,P571
[ENTITY]成立时间？,P571
[ENTITY]是在哪一年建立的？,P571
品牌[ENTITY]创办于哪一年？,P571
品牌[ENTITY]成立于哪一年？,P571
[ENTITY]公司成立于哪一年？,P571
歌曲[ENTITY]是哪位歌手的代表作品？,P800
《[ENTITY]》是谁的作品？,P800
[ENTITY]的作者是谁？,P800
[ENTITY]是谁编纂的？,P800
[ENTITY]写过哪些广为流传的诗？,P800
歌手[ENTITY]的代表作有哪些？,P800
主持人[ENTITY]有哪些作品？,P800
[ENTITY]写过哪些著作呢？,P800
《[ENTITY]的微笑》的作者是谁？,P800
[ENTITY]有哪些代表作？,P800
有本巨著叫《[ENTITY]》，它是谁写的？,P800
[ENTITY]的代表作？,P800
请推荐几部演员[ENTITY]的作品？,P800
[ENTITY]有哪些代表作品？,P800
[ENTITY]的代表作品有哪些?,P800
[ENTITY]有什么代表作品？,P800
[ENTITY]有哪些代表作品？,P800
[ENTITY]有什么作品？,P800
[ENTITY]的代表作？,P800
[ENTITY]的代表作有哪些？,P800
[ENTITY]有哪些代表作品？,P800
[ENTITY]代表作？,P800
[ENTITY]代表作？,P800
《[ENTITY]》是谁的作品？,P800
[ENTITY]是谁编纂的？,P800
《[ENTITY]》是哪位作家的作品？,P800
[ENTITY]写过哪些著作呢？,P800
[ENTITY]的作者是谁？,P800
[ENTITY]的画作非常令人印象深刻，你能推荐给我几个吗？,P800
[ENTITY]是谁的代表作？,P800
请列举一些[ENTITY]的作品？,P800
请问[ENTITY]的代表作品有哪些？,P800
[ENTITY]的代表作？,P800
[ENTITY]的代表作有哪些？,P800
[ENTITY]的代表作有哪些？,P800
请问[ENTITY]的代表作品有哪些？,P800
[ENTITY]有什么作品？,P800
[ENTITY]写过哪些广为流传的诗？,P800
[ENTITY]写过哪些著作呢？,P800
《[ENTITY]的微笑》的作者是谁？,P800
《[ENTITY]》是哪位作家的作品？,P800
[ENTITY]有什么代表作品？,P800
[ENTITY]有哪些代表作？,P800
请推荐几部演员[ENTITY]的作品？,P800
请列举一些[ENTITY]的作品？,P800
[ENTITY]是谁的代表作？,P800
[ENTITY]的画作非常令人印象深刻，你能推荐给我几个吗？,P800
[ENTITY]的代表作有哪些？,P800
[ENTITY]有哪些代表作品？,P800
有本巨著叫《[ENTITY]》，它是谁写的？,P800
[ENTITY]的主要作品是哪一部？,P800
[ENTITY]的代表作品有哪些？,P800
歌手[ENTITY]的代表作有哪些？,P800
[ENTITY]写过哪些著作呢？,P800
作家[ENTITY]有哪些代表作？,P800
[ENTITY]官网是啥？,P856
[ENTITY]的官方网站？,P856
[ENTITY]公司的官网是？,P856
[ENTITY]的官网是什么？,P856
[ENTITY]的官网是什么？,P856
[ENTITY]公司的官网是？,P856
[ENTITY]的网站地址？,P856
[ENTITY]的官方网站？,P856
[ENTITY]官方网站？,P856
[ENTITY]的官方网站？,P856
[ENTITY]官网是啥？,P856
[ENTITY]的官方网站？,P856
从哪个网址可以访问[ENTITY]呢？,P856
[ENTITY]的英文名是什么？,alias
[ENTITY]是什么的缩写？,alias
《[ENTITY]》的英文名字是什么？,alias
[ENTITY]的英文名字是什么？,alias
[ENTITY]的英文名是什么？,alias
[ENTITY]的中文全称？,alias
如果把《[ENTITY]》翻译成英文，应该叫什么？,alias
如果把《[ENTITY]》翻译成英文，应该叫什么？,alias
[ENTITY]的英文名是什么?,alias
[ENTITY]的英文名是什么？,alias
[ENTITY]的英文名是什么？,alias
[ENTITY]的英文名是什么？,alias
[ENTITY]的英文名是什么？,alias
[ENTITY]在英语中怎么讲？,alias
[ENTITY]的英文名是什么？,alias
[ENTITY]的外文名是什么？,alias
[ENTITY]的外文名是什么？,alias
[ENTITY]的外文名是什么？,alias
著名歌手[ENTITY]的出生日期是？,alias
科学家[ENTITY]的英文名是？,alias
科学家[ENTITY]的英文名是？,alias
[ENTITY]的中文全称？,alias
[ENTITY]的外文名？,alias
漫威里[ENTITY]翻译成英文应该是什么？,alias
"如何向老外表达""[ENTITY]""？",alias
[ENTITY]的外文名是什么？,alias
[ENTITY]的英文名是什么？,alias
[ENTITY]的英文名是什么？,alias
[ENTITY]的外文名是什么？,alias
[ENTITY]是什么的缩写？,alias
"如何向老外表达""[ENTITY]""？",alias
《[ENTITY]》的英文名字是什么？,alias
漫威里[ENTITY]翻译成英文应该是什么？,alias
[ENTITY]的外文名？,alias
[ENTITY]的英文名是什么？,alias
[ENTITY]在英语中怎么讲？,alias
[ENTITY]的外文名是什么？,alias
[ENTITY]的外文名是什么？,alias
[ENTITY]的外文名是什么？,alias
科学家[ENTITY]的英文名是？,alias
[Entity]何时成立?,P571
[Entity]什么时候成立的?,P571
[Entity]的成立时间为何?,P571
[Entity]成立于何时?,P571
[Entity]成立于什么时候?,P571
什么时候[Entity]成立了?,P571
什么时候是[Entity]的成立时间?,P571
[Entity]在哪里成立?,P740
[Entity]是在哪个地方成立的?,P740
[Entity]成立于哪个地点?,P740
[Entity]于哪个证券交易所上市?,P414
[Entity]在哪上市的?,P414
[Entity]董事长是谁?,P488
谁是[Entity]的董事长?,P488
[Entity]在哪个国家?,P17
[Entity]是哪个国家的?,P17
[Entity]在哪一国?,P17
[Entity]是一国的?,P17
[Entity]总部在哪里?,P159
[Entity]总部位于哪里?,P159
[Entity]营业额多少?,P2139
[Entity]有哪些子公司?,P355
[Entity]的分公司有哪些?,P355
[Entity]有哪些产品?,P1056
[Entity]主要制作什么产品?,P1056
[Entity]主要产品是哪些?,P1056
有多少员工在[Entity]?,P1128
[Entity]有多少员工?,P1128
[Entity]市值?,P2226
[Entity]的市值是多少?,P2226
[Entity]获利是多少?,P2295
[Entity]的净盈利是多少?,P2295
[Entity]的净利是多少?,P2295
[Entity]的净收益是多少?,P2295
[Entity]的主要股东?,P127
[Entity]的股东有哪些人?,P127
[Entity]是什么产业?,P452
[Entity]主要经营的产业是什么?,P452
[Entity]创办人是谁?,P112
[Entity]是谁创立的?,P112
[Entity]执行长是哪位?,P169
[Entity]执行长是谁?,P169
谁是[Entity]的执行长?,P169
[Entity]CEO是哪位?,P169
[Entity]CEO是谁?,P169
谁是[Entity]的CEO?,P169
[Entity]在全球的主要市场?,P2541
[Entity]的官方网址?,P856
[Entity]的统编是多少?,P7729
[Entity]的统一编号是多少?,P7729
[Entity]统编是?,P7729
